source,frame,seconds,label,chunk_offset,used,joint_step,joint_step_change,joint_jerk,direction_change,gripper_value,gripper_change
gt,23,1.5333333333333334,free,0,False,,,,,0.0,
gt,24,1.6,free,1,False,0.02104956139907997,,,,0.0,0.0
gt,25,1.6666666666666667,free,2,False,0.017924010883196867,0.005208741016208568,,0.023008559454100075,0.0,0.0
gt,26,1.7333333333333334,free,3,True,0.02135560527595,0.007485894126649927,0.012235337777790843,0.0578177939634853,0.0,0.0
gt,27,1.8,free,4,True,0.015405044295975298,0.006210975401076104,0.012532841682689365,0.004813363295523954,0.0,0.0
gt,28,1.8666666666666667,free,5,True,0.014591539110182603,0.0020158367891879104,0.006147689881393855,0.00756685923153988,0.0,0.0
gt,29,1.9333333333333333,free,6,True,0.027754065973553656,0.04124054467734688,0.040181919574308174,1.885958578008029,0.0,0.0
gt,30,2.0,free,7,True,0.012260036920682404,0.03955452851910356,0.08068303582311237,1.9462659835938674,0.0,0.0
gt,31,2.066666666666667,free,8,True,0.006787134618771602,0.00606174486940264,0.04517659775354545,0.040812695154901046,0.0,0.0
gt,32,2.1333333333333333,free,9,True,0.0030456171544190748,0.004300036466012367,0.0027758242845190868,0.10863910098015528,0.0,0.0
gt,33,2.2,free,10,True,0.0013885236150172938,0.0021199368712639245,0.0027995155368122945,0.20669307048133345,0.0,0.0
gt,34,2.2666666666666666,free,11,True,0.0008389150615701422,0.0006997988482721016,0.0015970214779265574,0.08054613147529666,0.0,0.0
gt,35,2.3333333333333335,free,12,True,0.0005056312337611319,0.0003389548282761419,0.0005538330079202447,0.004493671124571552,0.0,0.0
gt,36,2.4,free,13,True,0.007750987223682617,0.007660149793000397,0.007763974915161952,0.7887839533319558,0.0,0.0
gt,37,2.466666666666667,free,14,True,0.007830592271225545,0.005127759066774563,0.010603165749335631,0.21655534856664305,0.0,0.0
gt,38,2.533333333333333,free,15,True,0.010845922817085114,0.006677110606843383,0.005372890769807892,0.20894612040448768,0.0,0.0
gt,39,2.6,free,16,True,0.009415049559738944,0.005460928755380281,0.011263000799100541,0.1359955518891034,0.0,0.0
gt,40,2.6666666666666665,free,17,True,0.009985746560323786,0.004404493615927821,0.009807141219679953,0.10143916107400264,0.0,0.0
gt,41,2.7333333333333334,free,18,True,0.011063569008409468,0.0023097991085347914,0.0024984328568406727,0.018888243980026975,0.0,0.0
gt,42,2.8,free,19,True,0.011017651973798776,0.0018032356804280995,0.003500751654044732,0.013329350931540862,0.021611999720335007,0.021611999720335007
gt,43,2.8666666666666667,free,20,True,0.012558674279099952,0.0031151218086894104,0.003389598456615802,0.026484742425267327,0.11083509027957916,0.08922309055924416
gt,44,2.933333333333333,free,21,True,0.0123969822284461,0.0009953304446061225,0.003559926305186386,0.003097631413828905,0.15295708179473877,0.04212199151515961
gt,45,3.0,transition,22,False,0.01093037062828177,0.002211161968812042,0.002148790580820632,0.010104113307062734,0.21935905516147614,0.06640197336673737
gt,46,3.066666666666667,transition,23,False,0.012290537511048675,0.0019396710888083379,0.0034421649332998625,0.007117270099040396,0.2894291281700134,0.07007007300853729
gt,47,3.1333333333333333,transition,0,False,,,,,0.3460322320461273,
gt,48,3.2,transition,1,False,0.010562272577125444,,,,0.397670716047287,0.05163848400115967
gt,49,3.2666666666666666,transition,2,False,0.011613039577119828,0.00258438554013442,,0.022725147830108816,0.4520156681537628,0.05434495210647583
gt,50,3.3333333333333335,transition,3,False,0.011141599223832163,0.0012547181785138193,0.003653313260132655,0.005224840976797429,0.5460852980613708,0.09406962990760803
gt,51,3.4,transition,4,False,0.010129589062550721,0.0016616757393573412,0.0015864114762176268,0.007695394477132522,0.5672202110290527,0.021134912967681885
gt,52,3.466666666666667,transition,5,False,0.012450078569794671,0.004976697041212566,0.006288115100462989,0.07684640193350101,0.5505849123001099,0.01663529872894287
gt,53,3.533333333333333,transition,6,False,0.010186568266035931,0.003063390593450235,0.007574399783116774,0.01679846599415402,0.5241531729698181,0.026431739330291748
gt,54,3.6,transition,7,False,0.010919683913067454,0.0022839852047719248,0.0046852376363588745,0.021032802113370663,0.49092793464660645,0.03322523832321167
gt,55,3.6666666666666665,transition,8,False,0.009178477148010516,0.003326446407067556,0.005480168611925869,0.04007662257813294,0.4869033396244049,0.004024595022201538
gt,56,3.7333333333333334,transition,9,False,0.010055043097256801,0.0026754460197034903,0.0058153600426489585,0.03461721041199717,0.4624912738800049,0.024412065744400024
gt,57,3.8,transition,10,False,0.008575289302195048,0.0029097705776819473,0.0053342238095033185,0.0363995392605958,0.48212945461273193,0.01963818073272705
gt,58,3.8666666666666667,transition,11,False,0.010229532407617554,0.001777125997054693,0.0037719548093728644,0.0024033902775368876,0.46761977672576904,0.01450967788696289
gt,59,3.933333333333333,transition,12,False,0.007514346580129856,0.0031381541446333233,0.004882795532642121,0.016104030582648088,0.4863370954990387,0.018717318773269653
gt,60,4.0,fine,13,True,0.010475095369852465,0.0038281731344749913,0.006700767500666725,0.03740702910525695,0.503939151763916,0.01760205626487732
gt,61,4.066666666666666,fine,14,True,0.009294895692510153,0.0018931042992152973,0.005476524559602197,0.011251345123040601,0.5112695693969727,0.007330417633056641
gt,62,4.133333333333334,fine,15,True,0.0076191734782901106,0.0024442516441084802,0.0013696869599977895,0.02235489247031175,0.5310837626457214,0.01981419324874878
gt,63,4.2,fine,16,True,0.008392518707734145,0.0019596286917110545,0.004084778768859778,0.025350923687140647,0.5206177830696106,0.01046597957611084
gt,64,4.266666666666667,fine,17,True,0.007133804634958852,0.0029321129281774023,0.004745802705191745,0.05856736371363391,0.5242928862571716,0.003675103187561035
gt,65,4.333333333333333,fine,18,True,0.006532151127014079,0.0021211642717738053,0.004705811115421734,0.044393044214571575,0.5158534646034241,0.008439421653747559
gt,66,4.4,fine,19,True,0.00620817672002655,0.002699905389527318,0.004513543596859147,0.08858252463042104,0.5103493928909302,0.0055040717124938965
gt,67,4.466666666666667,fine,20,True,0.006863211438334808,0.0011384152348538257,0.003014145409649189,0.010173185376298521,0.512553870677948,0.0022044777870178223
gt,68,4.533333333333333,fine,21,True,0.006349676544747988,0.0015758969423324165,0.0022433954564496966,0.025467820392414464,0.502827525138855,0.009726345539093018
gt,69,4.6,fine,22,True,0.005151405788132802,0.0015454635738193921,0.0024316955354929323,0.014561477019781388,0.5138407945632935,0.011013269424438477
gt,70,4.666666666666667,fine,23,True,0.005860141367229027,0.0009252632173161058,0.0021655764303943003,0.005860048642968851,0.5017262101173401,0.01211458444595337
gt,71,4.733333333333333,fine,0,False,,,,,0.5083341598510742,
gt,72,4.8,fine,1,False,0.005020346669155045,,,,0.5042955875396729,0.004038572311401367
gt,73,4.866666666666666,fine,2,False,0.005480563188513597,0.0020945496025768793,,0.07587572050048852,0.5121878981590271,0.007892310619354248
gt,74,4.933333333333334,fine,3,True,0.0056276997489092505,0.0016482700486974125,0.003549386010320188,0.043691406880477235,0.5090669393539429,0.0031209588050842285
gt,75,5.0,fine,4,True,0.0057135846168883415,0.0010425509154614316,0.0025605691968787403,0.016786789030078908,0.5176944732666016,0.008627533912658691
gt,76,5.066666666666666,fine,5,True,0.005276248508959595,0.001079601274140036,0.0018197608831220858,0.01615913541911862,0.5165905952453613,0.0011038780212402344
gt,77,5.133333333333334,fine,6,True,0.005413727784571802,0.0012646433008250708,0.0022278759732563594,0.027664412316958042,0.514202356338501,0.0023882389068603516
gt,78,5.2,fine,7,True,0.004136122610655659,0.0020540451618174574,0.003036496204997743,0.05776270121471916,0.5105298757553101,0.003672480583190918
gt,79,5.266666666666667,fine,8,True,0.004347798948510645,0.0011261618609425077,0.003032718923406793,0.03401633919582969,0.5136508345603943,0.0031209588050842285
gt,80,5.333333333333333,fine,9,True,0.004479225207991253,0.0008834388979516542,0.0015874019951302605,0.019594362328335224,0.5086957216262817,0.004955112934112549
gt,81,5.4,fine,10,True,0.004694951217314257,0.00100748605790905,0.0013165227230105155,0.023026681946733407,0.5167717933654785,0.008076071739196777
gt,82,5.466666666666667,fine,11,True,0.004447783241301167,0.0007384337589195818,0.001242923048748162,0.011593465703091277,0.5147495865821838,0.0020222067832946777
gt,83,5.533333333333333,fine,12,True,0.0045107325963046965,0.0001790764647425106,0.0006915029575980092,0.0007004459441670718,0.5189718008041382,0.004222214221954346
gt,84,5.6,fine,13,True,0.004257455674060207,0.000599745367708218,0.0006865198369854694,0.007694791459055383,0.5153011083602905,0.0036706924438476562
gt,85,5.666666666666667,fine,14,True,0.004341029058448693,0.0006549445598884669,0.0011979968566950391,0.011415805368843235,0.5114455819129944,0.0038555264472961426
gt,86,5.733333333333333,fine,15,True,0.0038084585572967164,0.0006592114437960372,0.000847537566962719,0.004564560981621724,0.5145665407180786,0.0031209588050842285
gt,87,5.8,fine,16,True,0.004165825746953823,0.0009532486634249391,0.0012852960653849783,0.02461245700611625,0.5143835544586182,0.00018298625946044922
gt,88,5.866666666666666,fine,17,True,0.0042602084623032,0.0008711804438459996,0.0017216250966336354,0.021131322968801936,0.5154823064804077,0.0010987520217895508
gt,89,5.933333333333334,fine,18,True,0.004913549071578952,0.0009133673016645778,0.0014095639179960095,0.009730828623552679,0.5220850706100464,0.006602764129638672
gt,90,6.0,fine,19,True,0.005776787904225786,0.0012658274880472495,0.0008401205695281222,0.015098680898266603,0.53160160779953,0.009516537189483643
gt,91,6.066666666666666,fine,20,True,0.005587998766615227,0.0014047178707543428,0.0021320380210394104,0.030011615877091335,0.5955306887626648,0.06392908096313477
gt,92,6.133333333333334,fine,21,True,0.004462869875710999,0.0013077424872213902,0.0020950834939803755,0.008907416030267346,0.7649469375610352,0.16941624879837036
gt,93,6.2,fine,22,True,0.004812310771301816,0.0005470031912538124,0.001796293354947129,0.004123152379291395,0.7962555289268494,0.03130859136581421
gt,94,6.266666666666667,fine,23,True,0.004354848337354327,0.0008317974795770609,0.0010703967590906434,0.01151447845638398,0.857929527759552,0.06167399883270264
gt,95,6.333333333333333,fine,0,False,,,,,0.950440526008606,
gt,96,6.4,fine,1,False,0.0029145038943977747,,,,0.9955946803092957,0.0451541543006897
gt,97,6.466666666666667,fine,2,False,0.0024207172750435983,0.0014811900016173968,,0.1382031253638596,0.950440526008606,0.0451541543006897
gt,98,6.533333333333333,fine,3,True,0.00266922062360216,0.0009921106595540518,0.0013696501297263432,0.07138743779358869,0.9471365809440613,0.0033039450645446777
gt,99,6.6,fine,4,True,0.007034129171715786,0.005916762269263861,0.005183974111676673,0.42490287580111974,0.9471365809440613,0.0
gt,100,6.666666666666667,fine,5,True,0.008739985434384692,0.002682488031635806,0.004200643988503408,0.03485623677820693,0.9471365809440613,0.0
gt,101,6.733333333333333,fine,6,True,0.011755790246474874,0.0032788259919090284,0.0017435030621114588,0.008056908864857548,0.9471365809440613,0.0
gt,102,6.8,fine,7,True,0.011939804611219804,0.0018559495723711333,0.0034225040004102173,0.012149625435700973,0.9471365809440613,0.0
gt,103,6.866666666666666,fine,8,True,0.013707320943191131,0.0026961540472076567,0.0017299701792615957,0.012663642376364304,0.9471365809440613,0.0
gt,104,6.933333333333334,fine,9,True,0.009743649027440435,0.004350879507751131,0.006239802861409766,0.012052537141367559,0.9471365809440613,0.0
gt,105,7.0,fine,10,True,0.013661093150317724,0.003992533091886686,0.007957682814754027,0.002231075635757862,0.9471365809440613,0.0
gt,106,7.066666666666666,fine,11,True,0.013642413161257349,0.0012748545120089539,0.004417185597762863,0.004359346112031148,0.9471365809440613,0.0
gt,107,7.133333333333334,fine,12,True,0.015201157231812158,0.001946768343410047,0.002770266990066342,0.003279537176055558,0.9471365809440613,0.0
gt,108,7.2,fine,13,True,0.01692303849672572,0.0020356175090904378,0.0019899236043106577,0.0022912820433347303,0.9471365809440613,0.0
gt,109,7.266666666666667,fine,14,True,0.018776941819438685,0.002042691951860838,0.0012035480724747311,0.001157518481218145,0.9471365809440613,0.0
gt,110,7.333333333333333,fine,15,True,0.01716471602016297,0.0025843921741814106,0.004243553895037791,0.006329196118451175,0.9471365809440613,0.0
gt,111,7.4,fine,16,True,0.021502983575339963,0.004433813684918945,0.00639756098735682,0.0011354039571050967,0.9471365809440613,0.0
gt,112,7.466666666666667,fine,17,True,0.017338469873714596,0.004284749858588103,0.008668672791319996,0.0013624308126864992,0.9471365809440613,0.0
gt,113,7.533333333333333,fine,18,True,0.021827127318522346,0.006139270023012982,0.009590424274281762,0.023176955478869665,0.9471365809440613,0.0
gt,114,7.6,fine,19,True,0.020313991394795977,0.0022608991301047783,0.00807379469103382,0.0031823517417839398,0.9471365809440613,0.0
gt,115,7.666666666666667,fine,20,True,0.02188427350365346,0.0035655172028956055,0.004263122198544743,0.011525100630493945,0.9471365809440613,0.0
gt,116,7.733333333333333,fine,21,True,0.01837848512345912,0.0036822546065713104,0.006522287747021995,0.0015768864586720444,0.9471365809440613,0.0
gt,117,7.8,fine,22,True,0.01925106151073702,0.0055660149277487496,0.007357208788380141,0.04270587320186259,0.9471365809440613,0.0
gt,118,7.866666666666666,fine,23,True,0.018254555516331702,0.0053883395424613525,0.006340368794613135,0.03989700792774209,0.9471365809440613,0.0
gt,119,7.933333333333334,fine,0,False,,,,,0.9471365809440613,
gt,120,8.0,fine,1,False,0.01798911650469705,,,,0.9471365809440613,0.0
gt,121,8.066666666666666,fine,2,False,0.01689137900276975,0.003329182661365584,,0.0162548501840607,0.9471365809440613,0.0
gt,122,8.133333333333333,fine,3,True,0.013735039455234929,0.004837695924155358,0.004365526248627461,0.028966820808835614,0.9471365809440613,0.0
gt,123,8.2,fine,4,True,0.018959846905962224,0.009167841383429066,0.011499815678505857,0.10896236237980617,0.9471365809440613,0.0
gt,124,8.266666666666667,fine,5,True,0.020794730565274727,0.010321560775239151,0.010247225357906536,0.13083565986809498,0.9471365809440613,0.0
gt,125,8.333333333333334,fine,6,True,0.017197038993936098,0.0052269361120424185,0.014519646504952244,0.020102297520454337,0.9471365809440613,0.0
gt,126,8.4,fine,7,True,0.02534058114113032,0.0123788435796228,0.016435225259414852,0.09972681041054898,0.9471365809440613,0.0
gt,127,8.466666666666667,fine,8,True,0.02617258884968077,0.004667758638561137,0.010027900195859515,0.015903817716523605,0.9471365809440613,0.0
gt,128,8.533333333333333,fine,9,True,0.030274037346459275,0.006011174084484063,0.002944065198998902,0.012186745600180182,0.9471365809440613,0.0
gt,129,8.6,fine,10,True,0.030062184607043747,0.009158958397560327,0.009727728995152608,0.046061584734905514,0.9471365809440613,0.0
gt,130,8.666666666666666,fine,11,True,0.02663209838672133,0.005937395678522107,0.010643683923670733,0.014668134442139436,0.9471365809440613,0.0
gt,131,8.733333333333333,fine,12,True,0.026943027086474,0.00927244808277673,0.010711019144272594,0.05984370065036626,0.9471365809440613,0.0
gt,132,8.8,fine,13,True,0.02856934827318115,0.005898029164545255,0.008368743878909823,0.020878238204176225,0.9471365809440613,0.0
gt,133,8.866666666666667,fine,14,True,0.027751300926623923,0.0030123255634851055,0.007128980500239838,0.005300527270339583,0.9471365809440613,0.0
gt,134,8.933333333333334,fine,15,True,0.04245972367318192,0.06973304895875711,0.0690499748822055,1.971616250206142,0.7885462641716003,0.15859031677246094
gt,135,9.0,fine,16,True,0.01684718420347703,0.058970013686224475,0.12850016477554296,1.9721478291323564,0.7885462641716003,0.0
gt,136,9.066666666666666,fine,17,True,0.007747014128233502,0.010041623406611326,0.06830329093600633,0.06903824692558191,0.7885462641716003,0.0
gt,137,9.133333333333333,fine,18,True,0.003393391694337959,0.0048796611586924285,0.005772215440227513,0.09237948884402314,0.7885462641716003,0.0
gt,138,9.2,fine,19,True,0.0014965207954095235,0.0020317885999876694,0.003914645612562902,0.05218751020712897,0.7885462641716003,0.0
gt,139,9.266666666666667,fine,20,True,0.02069739210226986,0.019485529323935092,0.021069628816185088,0.17776790968404055,0.9471365809440613,0.15859031677246094
gt,140,9.333333333333334,fine,21,True,0.021865597791759644,0.006950791097164192,0.020675378884999155,0.051870143246912304,0.9471365809440613,0.0
gt,141,9.4,fine,22,True,0.028652676312937532,0.009110815296476544,0.011917889917276344,0.029482885016041127,0.9471365809440613,0.0
gt,142,9.466666666666667,fine,23,True,0.028130430373066333,0.0014706993091398895,0.009345609130164283,0.0011725727185832868,0.9471365809440613,0.0
gt,143,9.533333333333333,fine,0,False,,,,,0.9471365809440613,
gt,144,9.6,fine,1,False,0.027156227981619218,,,,0.9471365809440613,0.0
gt,145,9.666666666666666,fine,2,False,0.025606809296993136,0.00784219184716289,,0.042493963668882584,0.9471365809440613,0.0
gt,146,9.733333333333333,fine,3,True,0.02066473732682893,0.0063655743127138,0.009426851033035583,0.015209503910412314,0.9471365809440613,0.0
gt,147,9.8,fine,4,True,0.021887558569210663,0.0051763415702453216,0.007167839008597906,0.027967260650266113,0.9471365809440613,0.0
gt,148,9.866666666666667,fine,5,True,0.01947139230471414,0.0041504564167150265,0.006337967555757931,0.01336101638694187,0.9471365809440613,0.0
gt,149,9.933333333333334,fine,6,True,0.01704333912367591,0.004140217385550616,0.005694332421418251,0.016943953831967007,0.9471365809440613,0.0
gt,150,10.0,fine,7,True,0.017683895377050878,0.0029768331350023517,0.004055856363081531,0.014020288607906495,0.9471365809440613,0.0
gt,151,10.066666666666666,fine,8,True,0.01870182236459347,0.003501237946343718,0.0021822868456507732,0.01696670218662033,0.9471365809440613,0.0
gt,152,10.133333333333333,fine,9,True,0.016563322282236618,0.003450762385395835,0.00503224935859813,0.011838966232771808,0.9471365809440613,0.0
gt,153,10.2,fine,10,True,0.016102301002369486,0.002871847516555245,0.005415168154524169,0.015063251868514982,0.9471365809440613,0.0
gt,154,10.266666666666667,fine,11,True,0.018711472293893805,0.005641835947813007,0.006103930922775522,0.04152460029978755,0.9471365809440613,0.0
gt,155,10.333333333333334,fine,12,True,0.017154954837485647,0.002364883115574433,0.007114040700803642,0.004937663935145387,0.9471365809440613,0.0
gt,156,10.4,fine,13,True,0.018218915436586065,0.002909950842737288,0.004165875062468454,0.011735605210355105,0.9471365809440613,0.0
gt,157,10.466666666666667,fine,14,True,0.01577751056491761,0.004140079691023224,0.005870814823048563,0.019446574895180757,0.9471365809440613,0.0
gt,158,10.533333333333333,fine,15,True,0.014286657777899177,0.003010515017563149,0.0035769793824067028,0.015173733528511257,0.9471365809440613,0.0
gt,159,10.6,fine,16,True,0.014446801254091658,0.004801495693897156,0.006383193886532151,0.055787560233822475,0.9471365809440613,0.0
gt,160,10.666666666666666,fine,17,True,0.014773708567154233,0.002922874550750631,0.00703379467310517,0.01976342437702472,0.9471365809440613,0.0
gt,161,10.733333333333333,fine,18,True,0.011733287018729367,0.00390041852915379,0.005678819717824164,0.01721748632568476,0.9471365809440613,0.0
gt,162,10.8,fine,19,True,0.011403504917220711,0.004998250048887584,0.0065767786588085825,0.09295080896757424,0.9471365809440613,0.0
gt,163,10.866666666666667,fine,20,True,0.010492665988602901,0.0021836411851817636,0.004193199419195116,0.016458658517472524,0.9471365809440613,0.0
gt,164,10.933333333333334,fine,21,True,0.00833353612093616,0.0033221077716196167,0.0034829050424038115,0.036450620746358076,0.9471365809440613,0.0
gt,165,11.0,fine,22,True,0.007239688996575542,0.0017585645999812951,0.0032442835041198554,0.01571339694387497,0.9471365809440613,0.0
gt,166,11.066666666666666,fine,23,True,0.007586323741819067,0.0020142492146479943,0.003123560046055605,0.03584173450052497,0.9471365809440613,0.0
gt,167,11.133333333333333,fine,0,False,,,,,0.9471365809440613,
gt,168,11.2,fine,1,False,0.005523535312370543,,,,0.9471365809440613,0.0
gt,169,11.266666666666667,fine,2,False,0.00637373853415454,0.0023086357791604066,,0.06542932922439393,0.9471365809440613,0.0
gt,170,11.333333333333334,fine,3,True,0.006863816898721143,0.006087130560040075,0.007904295373790338,0.4207373481898635,0.6095908284187317,0.3375457525253296
gt,171,11.4,fine,4,True,0.0031504212139100356,0.006850676766799799,0.012325643267736053,0.7663382329869879,0.5297356843948364,0.07985514402389526
gt,172,11.466666666666667,fine,5,True,0.001085945267101292,0.0025904146967865175,0.008230465137166987,0.3577981549722813,0.48127755522727966,0.04845812916755676
gt,173,11.533333333333333,fine,6,True,0.0028355545966259523,0.0027175448451923537,0.004516150472914355,0.7021039568861047,0.3931717872619629,0.08810576796531677
gt,174,11.6,fine,7,True,0.0017079234691683048,0.0021443692027094496,0.004470615168582374,0.34346778595112215,0.3270925283432007,0.06607925891876221
gt,175,11.666666666666666,fine,8,True,0.00403090827563695,0.0029350457837293603,0.0036301909921066583,0.23373108870199655,0.2389867752790451,0.08810575306415558
gt,176,11.733333333333333,fine,9,True,0.005558219919809606,0.0016998326307696566,0.0018630152900441846,0.012424864952079284,0.1729074865579605,0.0660792887210846
gt,177,11.8,fine,10,True,0.009208204089832701,0.004053115741156728,0.003252669178679264,0.030336933778022268,0.08920705318450928,0.08370043337345123
gt,178,11.866666666666667,fine,11,True,0.009156067258913167,0.0014720379508681,0.004482290863509177,0.012834500379423686,0.023127762600779533,0.06607929058372974
gt,179,11.933333333333334,fine,12,True,0.012568948942537819,0.004595295524392461,0.004406621266138556,0.04114009095776949,0.0,0.023127762600779533
gt,180,12.0,fine,13,True,0.014645136656497202,0.00270416069889536,0.004760601666631063,0.008154139289966333,0.0,0.0
gt,181,12.066666666666666,fine,14,True,0.012443312723521078,0.005725906546163126,0.006232402409268411,0.07665412271760896,0.0,0.0
gt,182,12.133333333333333,fine,15,True,0.017440659448891678,0.006663976988704444,0.011839311756444012,0.04477733079617707,0.0,0.0
gt,183,12.2,fine,16,True,0.01619297173224035,0.004245966657768141,0.010118090697468916,0.02916177212077642,0.0,0.0
gt,184,12.266666666666667,fine,17,True,0.02373917448790045,0.008275005252901861,0.010438971856287307,0.014997792010282285,0.0,0.0
gt,185,12.333333333333334,fine,18,True,0.022482621605696248,0.006220557669584108,0.010959020859474932,0.034771500650840226,0.0,0.0
gt,186,12.4,fine,19,True,0.024278407975595474,0.005714180665078931,0.011823459875115083,0.026955600692040838,0.0,0.0
gt,187,12.466666666666667,fine,20,True,0.026910773564155444,0.004712491038927213,0.009093877532946425,0.01169220624984546,0.0,0.0
gt,188,12.533333333333333,fine,21,True,0.024550700194349673,0.0037811452809161854,0.006125380100610185,0.006604661359717601,0.0,0.0
gt,189,12.6,fine,22,True,0.02825157474778939,0.009027823799423648,0.009003491882537027,0.04887941669015494,0.0,0.0
gt,190,12.666666666666666,fine,23,True,0.029328715013759027,0.0067216108028251296,0.0060703104036410275,0.026563333626960284,0.0,0.0
wam,23,1.5333333333333334,free,0,False,,,,,0.005859375,
wam,24,1.6,free,1,False,0.0113902974311474,,,,0.00390625,0.001953125
wam,25,1.6666666666666667,free,2,False,0.010065990737958686,0.0027856314754175146,,0.0261915047856891,0.00390625,0.0
wam,26,1.7333333333333334,free,3,True,0.014416813313309441,0.004591777784819501,0.006382135567039693,0.007424109114038124,0.001953125,0.001953125
wam,27,1.8,free,4,True,0.013073791117091128,0.002618348428955669,0.006709620854759189,0.013401887177666882,0.00390625,0.001953125
wam,28,1.8666666666666667,free,5,True,0.013681039325719574,0.002563989519419691,0.004194609973986325,0.017346488988688402,0.00390625,0.0
wam,29,1.9333333333333333,free,6,True,0.01379128241402041,0.00363257268037733,0.005785354298438218,0.034936122608949405,0.001953125,0.001953125
wam,30,2.0,free,7,True,0.015929669567432185,0.0033001772018431143,0.005770007031304398,0.014380384863317497,0.0,0.001953125
wam,31,2.066666666666667,free,8,True,0.01656117253588552,0.004619058641596492,0.0063632516903070905,0.03968118873067683,0.0,0.0
wam,32,2.1333333333333333,free,9,True,0.016892214449870598,0.0033297880047702616,0.00689755729804364,0.019620568344854372,0.0,0.0
wam,33,2.2,free,10,True,0.01689924777716246,0.002628225875775412,0.005018791709313606,0.012098688849676131,0.0,0.0
wam,34,2.2666666666666666,free,11,True,0.01942091479739525,0.004769588667001426,0.005343693881175626,0.02496987943515816,0.0,0.0
wam,35,2.3333333333333335,free,12,True,0.018159148891341178,0.0034472112900592023,0.00747610943406212,0.014590540377132144,0.0,0.0
wam,36,2.4,free,13,True,0.017156604754843707,0.0032433238364492512,0.005878848867062892,0.015268937427289742,0.001953125,0.001953125
wam,37,2.466666666666667,free,14,True,0.01645869816592806,0.0038156290798757662,0.006533846133398711,0.024917100966107886,0.0,0.001953125
wam,38,2.533333333333333,free,15,True,0.01648073832324878,0.0041261669163008795,0.007567127145936947,0.03138188692485744,0.0,0.0
wam,39,2.6,free,16,True,0.012718547921619992,0.004971335730121145,0.008106917601979527,0.025189754576927403,0.0,0.0
wam,40,2.6666666666666665,free,17,True,0.013639472920656965,0.00412395804616943,0.007825122451934344,0.04657441490547942,0.001953125,0.001953125
wam,41,2.7333333333333334,free,18,True,0.012345570584852403,0.003073021351631807,0.0065186975473899515,0.023069695050853434,0.00390625,0.001953125
wam,42,2.8,free,19,True,0.01222215495648125,0.0018102775028281557,0.00394876120632336,0.010808816131349208,0.0,0.00390625
wam,43,2.8666666666666667,free,20,True,0.014253139470937218,0.003179090214690533,0.003901498348671613,0.017168703860484524,0.0,0.0
wam,44,2.933333333333333,free,21,True,0.008174112674741442,0.007644476610471201,0.009897741389327159,0.09219831700417658,0.0,0.0
wam,45,3.0,transition,22,False,0.012425698651779886,0.005636322894177166,0.013035639252525244,0.06740316555929793,-0.00390625,0.00390625
wam,46,3.066666666666667,transition,23,False,0.009293870812246476,0.0033928559231486475,0.008751266539799572,0.007373934205057164,0.0,0.00390625
wam,47,3.1333333333333333,transition,0,False,,,,,0.21484375,
wam,48,3.2,transition,1,False,0.00477923751201077,,,,0.224609375,0.009765625
wam,49,3.2666666666666666,transition,2,False,0.004353947152214644,0.0034499599176985017,,0.28164751798533716,0.240234375,0.015625
wam,50,3.3333333333333335,transition,3,False,0.006911036116815967,0.00461551561469175,0.007565750484217174,0.2453330022673983,0.255859375,0.015625
wam,51,3.4,transition,4,False,0.006795302933012212,0.0022574184393232824,0.005710583587590378,0.05411269363852822,0.2705078125,0.0146484375
wam,52,3.466666666666667,transition,5,False,0.006431404206554051,0.003036339007401069,0.004641705282198172,0.10396153145451881,0.279296875,0.0087890625
wam,53,3.533333333333333,transition,6,False,0.006571114429561402,0.001370989175758,0.0028918095376549344,0.022006941098079102,0.267578125,0.01171875
wam,54,3.6,transition,7,False,0.008771141206680148,0.003512111553894252,0.0040475731300419066,0.06501828119185515,0.294921875,0.02734375
wam,55,3.6666666666666665,transition,8,False,0.008663350084267971,0.004299598959112576,0.006581549693091463,0.12156565440273248,0.294921875,0.0
wam,56,3.7333333333333334,transition,9,False,0.009031522751032665,0.004039586931700506,0.006635691336252118,0.10341283646903066,0.2958984375,0.0009765625
wam,57,3.8,transition,10,False,0.009899079585038521,0.0015663817273902972,0.004640402159101865,0.009512445608358289,0.3154296875,0.01953125
wam,58,3.8666666666666667,transition,11,False,0.010915601209421566,0.003368913834083707,0.003370334423097349,0.047736435178148184,0.3251953125,0.009765625
wam,59,3.933333333333333,transition,12,False,0.011913356796676945,0.0033685756309446532,0.005939111062373376,0.03980186864105606,0.33984375,0.0146484375
wam,60,4.0,fine,13,True,0.010287843090921754,0.0021993655043961577,0.005278227083933723,0.008954245464152022,0.353515625,0.013671875
wam,61,4.066666666666666,fine,14,True,0.013294231583532963,0.004606221054335398,0.005998037374472381,0.04452362536031895,0.3671875,0.013671875
wam,62,4.133333333333334,fine,15,True,0.012256283697444558,0.0034370989406760227,0.0077719356400080914,0.03294603354509207,0.3642578125,0.0029296875
wam,63,4.2,fine,16,True,0.010406834732391342,0.003796744220241246,0.004828027844888467,0.043100278923056345,0.359375,0.0048828125
wam,64,4.266666666666667,fine,17,True,0.0111694772293071,0.004329286437743418,0.0073755123184770285,0.07811970400504964,0.3603515625,0.0009765625
wam,65,4.333333333333333,fine,18,True,0.011915368455497,0.00395447010875377,0.007273608026456537,0.056659618597196815,0.3671875,0.0068359375
wam,66,4.4,fine,19,True,0.010955871735712313,0.003298852693792934,0.006486278422358307,0.03815515262525149,0.375,0.0078125
wam,67,4.466666666666667,fine,20,True,0.011081313401935449,0.0017140826329445353,0.0038173693761951286,0.012035471644733176,0.4052734375,0.0302734375
wam,68,4.533333333333333,fine,21,True,0.009426750667660641,0.0049917708045026255,0.0063331443911866375,0.10616519539368119,0.40771484375,0.00244140625
wam,69,4.6,fine,22,True,0.009916530602248641,0.0038393765060235835,0.008664878431400872,0.07756110912021108,0.4140625,0.00634765625
wam,70,4.666666666666667,fine,23,True,0.007222291521555157,0.0029645380210659806,0.005575456393095047,0.010678301137768909,0.419921875,0.005859375
wam,71,4.733333333333333,fine,0,False,,,,,0.421875,
wam,72,4.8,fine,1,False,0.004928950584562045,,,,0.427734375,0.005859375
wam,73,4.866666666666666,fine,2,False,0.005611090929650181,0.003731438529341884,,0.2433094745972738,0.454345703125,0.026611328125
wam,74,4.933333333333334,fine,3,True,0.006614682161843303,0.0034688935391274317,0.006831003847720164,0.14853635736303017,0.4580078125,0.003662109375
wam,75,5.0,fine,4,True,0.00634794749414873,0.001383310450272275,0.004431138282037071,0.021938742012990398,0.4609375,0.0029296875
wam,76,5.066666666666666,fine,5,True,0.006094106564430744,0.0008725713634992596,0.0016732738217041798,0.009007940193945685,0.455078125,0.005859375
wam,77,5.133333333333334,fine,6,True,0.005758523575159017,0.002170223510644598,0.002724257508875487,0.06550090851933621,0.455078125,0.0
wam,78,5.2,fine,7,True,0.006351086977872968,0.002876207170825196,0.004202714245186289,0.1082965768270302,0.45947265625,0.00439453125
wam,79,5.266666666666667,fine,8,True,0.007166223874778292,0.003060063024232959,0.0056162587798870775,0.09557135413002427,0.46875,0.00927734375
wam,80,5.333333333333333,fine,9,True,0.00720734488784387,0.003380513233872584,0.005814633000560711,0.11061278918121731,0.474609375,0.005859375
wam,81,5.4,fine,10,True,0.00869243300321238,0.002720453966272341,0.005540186525917743,0.04146397392716461,0.4716796875,0.0029296875
wam,82,5.466666666666667,fine,11,True,0.009511466920761533,0.002199272713136428,0.0034381048714703854,0.025194093604222423,0.472900390625,0.001220703125
wam,83,5.533333333333333,fine,12,True,0.00858185884685191,0.00206817196927019,0.003988303976785267,0.02090731716016525,0.4730224609375,0.0001220703125
wam,84,5.6,fine,13,True,0.007792807846328754,0.0018348560780232191,0.003202169788364581,0.02051605557608116,0.4765625,0.0035400390625
wam,85,5.666666666666667,fine,14,True,0.008081739330112758,0.0015048118955243292,0.0024606111364919273,0.017314995028349434,0.479736328125,0.003173828125
wam,86,5.733333333333333,fine,15,True,0.009989733800485104,0.0035175154498295743,0.004555447647622538,0.054081465800961404,0.4921875,0.012451171875
wam,87,5.8,fine,16,True,0.005948777746600106,0.005245109153676949,0.008155654957188365,0.09408096909073038,0.4981689453125,0.0059814453125
wam,88,5.866666666666666,fine,17,True,0.007143419418780065,0.0030668399466244407,0.007124232108774692,0.09387470191497527,0.5078125,0.0096435546875
wam,89,5.933333333333334,fine,18,True,0.00804003801961585,0.0027713093539531576,0.005272651114663833,0.05986268411701745,0.527587890625,0.019775390625
wam,90,6.0,fine,19,True,0.008403913964100592,0.002749295665071307,0.0036103231711092348,0.05495385593088331,0.54443359375,0.016845703125
wam,91,6.066666666666666,fine,20,True,0.009936314842356986,0.0035553785055141176,0.005189552848117585,0.06162861581890955,0.5625,0.01806640625
wam,92,6.133333333333334,fine,21,True,0.008629927592625155,0.003990318074452431,0.007299426534282075,0.0828923856184417,0.5693359375,0.0068359375
wam,93,6.2,fine,22,True,0.011167159173756028,0.0031183181486845544,0.006405842842024254,0.017050448522063055,0.568359375,0.0009765625
wam,94,6.266666666666667,fine,23,True,0.0104479561571615,0.0036703510904186453,0.0060181483341173935,0.055514619021806766,0.57177734375,0.00341796875
wam,95,6.333333333333333,fine,0,False,,,,,0.662109375,
wam,96,6.4,fine,1,False,0.003133882425901825,,,,0.7197265625,0.0576171875
wam,97,6.466666666666667,fine,2,False,0.003507364665870025,0.003789593115008788,,0.6469230312847953,0.80859375,0.0888671875
wam,98,6.533333333333333,fine,3,True,0.0034262956228760626,0.002312899467248832,0.005758252171599315,0.2223022597912968,0.896484375,0.087890625
wam,99,6.6,fine,4,True,0.0017615206051902915,0.002880103385901614,0.004706011711008771,0.45758665357513784,0.9453125,0.048828125
wam,100,6.666666666666667,fine,5,True,0.0036158750790967775,0.003590708985169502,0.00465549065046414,0.7421816353343222,0.953125,0.0078125
wam,101,6.733333333333333,fine,6,True,0.004143753527533669,0.0019094689355332328,0.0032637705304530036,0.11237234312587885,0.9453125,0.0078125
wam,102,6.8,fine,7,True,0.0067626298386739905,0.003381930152716616,0.0031567065722978016,0.08170060562835024,0.9375,0.0078125
wam,103,6.866666666666666,fine,8,True,0.01099488719037361,0.004945311154817582,0.004633987222866172,0.044006167322496625,0.9375,0.0
wam,104,6.933333333333334,fine,9,True,0.013664430389579409,0.0038303745715525745,0.004313094560089866,0.02511103961683958,0.9375,0.0
wam,105,7.0,fine,10,True,0.016113217537990714,0.003150247919326725,0.003797192107526573,0.008918930447119777,0.9375,0.0
wam,106,7.066666666666666,fine,11,True,0.016242968085115463,0.002657773083033087,0.004413975661688736,0.013462379894447318,0.94140625,0.00390625
wam,107,7.133333333333334,fine,12,True,0.01882400112557187,0.0043575872396134354,0.006093545949053602,0.020157852165584633,0.94140625,0.0
wam,108,7.2,fine,13,True,0.015022854183631041,0.004365397658889985,0.008436169682193198,0.008147344310258542,0.94140625,0.0
wam,109,7.266666666666667,fine,14,True,0.016018974542199537,0.0029475840629597976,0.006413594533984573,0.015989971026128202,0.9375,0.00390625
wam,110,7.333333333333333,fine,15,True,0.015518586643535708,0.003016381797103313,0.00513953730755256,0.017796583631008445,0.94140625,0.00390625
wam,111,7.4,fine,16,True,0.016570325971273985,0.0027838616213414747,0.005158760859997499,0.012918103384014445,0.939453125,0.001953125
wam,112,7.466666666666667,fine,17,True,0.013669090926087726,0.004249680590266403,0.005489003941264892,0.021286016143016284,0.939453125,0.0
wam,113,7.533333333333333,fine,18,True,0.016147575833856214,0.005080513095733073,0.007273190585992706,0.044555289180372326,0.94140625,0.001953125
wam,114,7.6,fine,19,True,0.015161920353657984,0.00246934407250834,0.00531537307178101,0.0104688556992093,0.94140625,0.0
wam,115,7.666666666666667,fine,20,True,0.01707902799034778,0.0029926755860317116,0.003395381149084722,0.01019653966315559,0.9375,0.00390625
wam,116,7.733333333333333,fine,21,True,0.019402949467713187,0.004576014467638507,0.003880098533455749,0.0234460927827721,0.94140625,0.00390625
wam,117,7.8,fine,22,True,0.020081132975074887,0.003039566873858701,0.005445767337944383,0.011265767037327845,0.94140625,0.0
wam,118,7.866666666666666,fine,23,True,0.020751689080513298,0.0031661608287826917,0.005736817927177454,0.011488515073409644,0.94140625,0.0
wam,119,7.933333333333334,fine,0,False,,,,,0.833984375,
wam,120,8.0,fine,1,False,0.012509883672486186,,,,0.84765625,0.013671875
wam,121,8.066666666666666,fine,2,False,0.010022145291836766,0.0043056216989895545,,0.049250050236598675,0.8515625,0.00390625
wam,122,8.133333333333333,fine,3,True,0.011451159726343408,0.0036571878572089463,0.007409111724651897,0.04937447108662474,0.85546875,0.00390625
wam,123,8.2,fine,4,True,0.012759700171893523,0.002913794377316705,0.003365287544199778,0.023194043844762202,0.85546875,0.0
wam,124,8.266666666666667,fine,5,True,0.015457781006248542,0.004602044830838568,0.0032275884469702594,0.035234770942686344,0.84765625,0.0078125
wam,125,8.333333333333334,fine,6,True,0.015313492471389818,0.0029580622268866085,0.00665123477141118,0.018438630801851374,0.853515625,0.005859375
wam,126,8.4,fine,7,True,0.014844027370702562,0.0030662187097228906,0.004583819063666005,0.020195200643462363,0.861328125,0.0078125
wam,127,8.466666666666667,fine,8,True,0.016020176772105862,0.003521994895320129,0.004811304088464725,0.02317270376786662,0.86328125,0.001953125
wam,128,8.533333333333333,fine,9,True,0.01455058926020874,0.004241970930741652,0.005915786679224866,0.033964876258728016,0.86328125,0.0
wam,129,8.6,fine,10,True,0.013026036480426818,0.003415524321171899,0.004632348918467422,0.024643129130977104,0.859375,0.00390625
wam,130,8.666666666666666,fine,11,True,0.010537127354969134,0.004104324116773158,0.005686575271493581,0.03879877677478427,0.84765625,0.01171875
wam,131,8.733333333333333,fine,12,True,0.009994078938669802,0.0040133031678668595,0.005767989136426659,0.07507296796116703,0.85546875,0.0078125
wam,132,8.8,fine,13,True,0.007811219224046257,0.0034857512876582866,0.00457852672103937,0.047303506245564786,0.869140625,0.013671875
wam,133,8.866666666666667,fine,14,True,0.008858323166316935,0.004269294824335715,0.005342054742271711,0.12378512817545495,0.865234375,0.00390625
wam,134,8.933333333333334,fine,15,True,0.009583734994604893,0.002544433185214343,0.004477976644840462,0.03503068698032241,0.865234375,0.0
wam,135,9.0,fine,16,True,0.009749223216463047,0.00450817839427181,0.0061376420666957605,0.1086129900698084,0.83984375,0.025390625
wam,136,9.066666666666666,fine,17,True,0.010103975472120707,0.003046948564852543,0.006207205002889825,0.04648475499923688,0.8359375,0.00390625
wam,137,9.133333333333333,fine,18,True,0.011112796520437073,0.004228356232724489,0.005683908798020173,0.07508355197205185,0.84375,0.0078125
wam,138,9.2,fine,19,True,0.011259198803754306,0.003646853067691965,0.005412244344822873,0.053060973000199296,0.85546875,0.01171875
wam,139,9.266666666666667,fine,20,True,0.013088588913889306,0.004809761858319118,0.004531357480416096,0.06713557869115583,0.873046875,0.017578125
wam,140,9.333333333333334,fine,21,True,0.017938523045514437,0.007881705699944402,0.00744836241779303,0.08219990468931293,0.87109375,0.001953125
wam,141,9.4,fine,22,True,0.018008690103113515,0.0050638652451230415,0.010969165292486946,0.03968095212032319,0.859375,0.01171875
wam,142,9.466666666666667,fine,23,True,0.016064110971029538,0.003621104873920856,0.007087129128589137,0.016127236530036004,0.841796875,0.017578125
wam,143,9.533333333333333,fine,0,False,,,,,0.826171875,
wam,144,9.6,fine,1,False,0.011212946822433251,,,,0.828125,0.001953125
wam,145,9.666666666666666,fine,2,False,0.008449327093080782,0.004350516942113823,,0.05957981089701836,0.8359375,0.0078125
wam,146,9.733333333333333,fine,3,True,0.0107822391163131,0.003185774731314767,0.0072796854690157535,0.025831747764545776,0.84375,0.0078125
wam,147,9.8,fine,4,True,0.008923725408057661,0.002543956461676393,0.005469172064151839,0.01568131427122399,0.849609375,0.005859375
wam,148,9.866666666666667,fine,5,True,0.009251159159329512,0.0016533516502857367,0.003239193953772061,0.015906759445687868,0.85546875,0.005859375
wam,149,9.933333333333334,fine,6,True,0.011662893098874094,0.0033783474178013338,0.003400397906080818,0.025936123729535465,0.849609375,0.005859375
wam,150,10.0,fine,7,True,0.010739391102625794,0.0017621431852216022,0.004726861642858636,0.008991018139498985,0.84765625,0.001953125
wam,151,10.066666666666666,fine,8,True,0.01070734448064612,0.001651821153575264,0.0032493450195035596,0.011859629521444814,0.8515625,0.00390625
wam,152,10.133333333333333,fine,9,True,0.01138678695462014,0.003077708038677509,0.004035230978005626,0.03695242116422781,0.8515625,0.0
wam,153,10.2,fine,10,True,0.01042660598786779,0.0023780634073984467,0.004614772797661706,0.01993352920984026,0.8515625,0.0
wam,154,10.266666666666667,fine,11,True,0.011813239785581681,0.0032198202306275864,0.002826467616263781,0.03427925687617528,0.8515625,0.0
wam,155,10.333333333333334,fine,12,True,0.012919005554306048,0.0033762108375772096,0.00435465822210802,0.033338993504435255,0.83984375,0.01171875
wam,156,10.4,fine,13,True,0.014071511182521965,0.002421885163504806,0.0038248191012882843,0.012479399970255711,0.84375,0.00390625
wam,157,10.466666666666667,fine,14,True,0.016194969302948916,0.00458362397262628,0.00557490293549028,0.036203215307440195,0.845703125,0.001953125
wam,158,10.533333333333333,fine,15,True,0.016844893152460797,0.003845236838324993,0.00676854261145448,0.02632571894303304,0.837890625,0.0078125
wam,159,10.6,fine,16,True,0.016077322736800972,0.0025990128439152,0.0050322874120006375,0.01138336455585176,0.845703125,0.0078125
wam,160,10.666666666666666,fine,17,True,0.018510061494362646,0.003984366185414471,0.006127217302762686,0.016729193421010202,0.85546875,0.009765625
wam,161,10.733333333333333,fine,18,True,0.017800225769963055,0.0039841179079389884,0.0072303681382822095,0.023323382367900436,0.859375,0.00390625
wam,162,10.8,fine,19,True,0.017860034203135592,0.002338549508572639,0.005295068606837065,0.008595500853450289,0.85546875,0.00390625
wam,163,10.866666666666667,fine,20,True,0.016905494076667336,0.0021818570478782506,0.003930414073501479,0.006374522026523555,0.85546875,0.0
wam,164,10.933333333333334,fine,21,True,0.015946662402358112,0.003913313779988926,0.005148709146418914,0.02669770596319221,0.85546875,0.0
wam,165,11.0,fine,22,True,0.013281524840111242,0.0045363068897273685,0.006911643626425836,0.0318115602497171,0.84375,0.01171875
wam,166,11.066666666666666,fine,23,True,0.009403360401645586,0.005411323620459705,0.00623180528966741,0.0570187921180193,0.830078125,0.013671875
wam,167,11.133333333333333,fine,0,False,,,,,0.8125,
wam,168,11.2,fine,1,False,0.011028286365803233,,,,0.830078125,0.017578125
wam,169,11.266666666666667,fine,2,False,0.01065589317811297,0.0039019323437162337,,0.06418857147890167,0.8359375,0.005859375
wam,170,11.333333333333334,fine,3,True,0.013186627275135122,0.004643218353548077,0.007949054271193306,0.05392602269050173,0.837890625,0.001953125
wam,171,11.4,fine,4,True,0.01298756486121976,0.001980238931781839,0.0048818442862245594,0.01133268433660728,0.837890625,0.0
wam,172,11.466666666666667,fine,5,True,0.01294974871097018,0.0033976601987300097,0.0031900423093327965,0.03431523807971426,0.84375,0.005859375
wam,173,11.533333333333333,fine,6,True,0.014123416207977257,0.0031103564715076583,0.004662108234353101,0.022681965092853695,0.84765625,0.00390625
wam,174,11.6,fine,7,True,0.015594327935190489,0.0033717179862338695,0.004923891565507152,0.020896940187126845,0.8515625,0.00390625
wam,175,11.666666666666666,fine,8,True,0.013019021906580946,0.005113719580085777,0.008353730401447596,0.04806828956371478,0.859375,0.0078125
wam,176,11.733333333333333,fine,9,True,0.013029744444083476,0.003956633034406274,0.006719774617176901,0.046142816995998315,0.861328125,0.001953125
wam,177,11.8,fine,10,True,0.011773623687455336,0.003064839943560162,0.005250293054521767,0.025472725631671134,0.859375,0.001953125
wam,178,11.866666666666667,fine,11,True,0.012830493915317214,0.004287130613600637,0.0052858148137201735,0.057137407074565494,0.8515625,0.0078125
wam,179,11.933333333333334,fine,12,True,0.00868660270053462,0.004996751598922786,0.0070377545088463,0.034972876219898974,0.830078125,0.021484375
wam,180,12.0,fine,13,True,0.009082254398968653,0.002659022864039975,0.005374569134587394,0.043817451071457736,0.7080078125,0.1220703125
wam,181,12.066666666666666,fine,14,True,0.008310347635843028,0.003070245760531607,0.005042105377779515,0.05849864917574843,0.447509765625,0.260498046875
wam,182,12.133333333333333,fine,15,True,0.00652237273451939,0.004823972303463617,0.007026140569087027,0.1851722790657946,0.4248046875,0.022705078125
wam,183,12.2,fine,16,True,0.002212064847657145,0.005445337282917176,0.0064212938368197895,0.3837334351563938,0.392578125,0.0322265625
wam,184,12.266666666666667,fine,17,True,0.004003167163608502,0.0050151950331107165,0.004469527503590601,1.2390443886816345,0.330078125,0.0625
wam,185,12.333333333333334,fine,18,True,0.004704469169660284,0.002450079547961169,0.005759953268528613,0.1463157938237022,0.251953125,0.078125
wam,186,12.4,fine,19,True,0.006560935323046581,0.004317701936315774,0.005281666842114239,0.24616442514182613,0.181640625,0.0703125
wam,187,12.466666666666667,fine,20,True,0.007259176967528367,0.003579839233467918,0.006396245687271926,0.1294193417704249,0.109375,0.072265625
wam,188,12.533333333333333,fine,21,True,0.009341738097531705,0.005343394712743822,0.007882411194171678,0.17854016447603716,0.056640625,0.052734375
wam,189,12.6,fine,22,True,0.01156889613718819,0.005062612887677767,0.009088769773583286,0.09562842701330687,0.0078125,0.048828125
wam,190,12.666666666666666,fine,23,True,0.013621349967397438,0.005591529595895475,0.009273291086826754,0.0858356159617123,-0.0078125,0.015625
