calls,feature,spearman,p_value
2,k2_joint_abs_step_d1,0.2722081603725828,0.012247159618956801
2,k2_joint_abs_step_d3,0.1963754176369343,0.07340278242297371
2,k2_gripper_tv,-0.19197472785985542,0.08021755812345141
2,k2_trans_delta_gripper_step_max,-0.19014307691625237,0.08319868939915895
2,k2_trans_delta_gripper_range,-0.18342038896406967,0.09490198997613675
2,k2_joint_jerk_max,0.18212007694644122,0.09730833195596941
2,k2_gripper_step_max,-0.1820718300445484,0.09739852974434535
2,k2_trans_delta_gripper_endpoint,-0.17816962442098958,0.10491343866245159
2,k2_joint_abs_step_d6,-0.16608281866963653,0.13107572257554836
2,k2_trans_delta_gripper_high_fraction,0.1633206386516699,0.13769850330162
2,k2_trans_delta_gripper_tv,-0.15616588340655616,0.15602803889203273
2,k2_trans_delta_joint_abs_step_d4,-0.1531833664237759,0.16418369709697955
2,k2_gripper_range,-0.14717962289963665,0.18154931194293167
2,k2_joint_direction_change,-0.14453781512605043,0.1896005519529856
2,k2_trans_delta_joint_abs_step_d5,-0.13973875801247548,0.20488108824520446
2,k2_joint_abs_step_d4,-0.13803786574870913,0.2105022597877253
2,k2_joint_accel_max,0.129776247848537,0.239363104195078
2,k2_trans_delta_gripper_start,0.12192344243889272,0.2692328396222177
2,k2_joint_abs_step_d5,-0.12127164118659513,0.27182022964587194
2,k2_joint_endpoint,0.10738078363875671,0.330936463944811
2,k2_trans_endpoint_direction_change,-0.10542763066417936,0.3398583356142578
2,k2_gripper_endpoint,-0.10310103112736833,0.3506816423924882
2,k2_joint_roughness,-0.0998481320238939,0.3661692559470229
2,k2_joint_path,0.09804596537410146,0.3749271570113185
2,k2_joint_step_mean,0.09804596537410146,0.3749271570113185
2,k2_trans_gripper_boundary,-0.09284319763616497,0.40091497652061014
2,k2_trans_delta_joint_abs_step_d6,-0.08431777039847234,0.44572273118925854
2,k2_trans_delta_joint_accel_mean,-0.0813368391217587,0.46202625805299946
2,k2_joint_abs_step_d0,0.07783740002024907,0.4815754001421303
2,k2_trans_delta_joint_jerk_max,0.07460439569407884,0.5000214391581398
2,k2_prefix_gripper_delta_max,-0.07345977372350196,0.5066392096467898
2,k2_trans_delta_joint_jerk_mean,-0.07008230266886013,0.526426666062364
2,k2_trans_delta_gripper_mean,0.06981868289608953,0.5279872634449997
2,k2_prefix_gripper_delta_mean,-0.06899030553757918,0.5329061723514119
2,k2_trans_joint_boundary,-0.0673447127208578,0.5427447280586389
2,k2_trans_delta_joint_path,-0.06675663784313877,0.5462820878909846
2,k2_trans_delta_joint_step_mean,-0.06675663784313877,0.5462820878909846
2,k2_trans_delta_joint_endpoint,-0.06651329651442744,0.5477490959965479
2,k2_trans_delta_joint_direction_change,-0.064647679660974,0.5590592462185311
2,k2_trans_delta_gripper_end,0.05923408607157629,0.5924942045136481
2,k2_trans_delta_joint_abs_step_d1,0.05568460738677371,0.6148930073150578
2,k2_flow_cosine,0.05325503695454086,0.6304321785077989
2,k2_flow_relative_l2,-0.05311329351017516,0.6313438098454114
2,k2_gripper_mean,-0.050167562699368874,0.6504123853229999
2,k2_prefix_joint_delta_max,0.04748549618965367,0.6679721913501139
2,k2_flow_delta_l2,-0.045702136276197236,0.6797483398600379
2,k2_gripper_high_fraction,-0.04104482668140914,0.7108597454969954
2,k2_joint_jerk_mean,-0.03833147716918092,0.729209683852757
2,k2_joint_accel_mean,-0.03693429178900476,0.7387191147174579
2,k2_joint_abs_step_d2,-0.036671053963754176,0.7405151970122027
2,k2_trans_delta_joint_abs_step_d0,-0.0336216602502807,0.7614202963099403
2,k2_prefix_joint_delta_mean,-0.024035638351726233,0.8281921371986554
2,k2_gripper_start,-0.022980977489312902,0.8356228630208025
2,k2_joint_step_max,0.021808241368836693,0.8439024159152476
2,k2_trans_delta_joint_accel_max,0.021596542923129645,0.8453988466885503
2,k2_trans_delta_joint_roughness,-0.016587767240488306,0.8809526355305968
2,k2_flow_norm,-0.015753771388073302,0.8868975094702255
2,k2_trans_delta_joint_abs_step_d3,0.014742428831094133,0.8941149014544931
2,k2_trans_delta_joint_step_max,0.014620758166738471,0.8949837897234726
2,k2_trans_delta_joint_abs_step_d2,-0.014255746173671492,0.8975911926185207
2,k2_trans_has_previous,-0.014030890739805454,0.8991979525109355
2,k2_gripper_end,-0.0012758977019032632,0.9908097065115617
4,k4_trans_delta_gripper_start,0.21934605692082135,0.04499491956973403
4,k4_trans_delta_gripper_range,-0.21558349854528447,0.0488986513436694
4,k4_trans_delta_gripper_endpoint,-0.20702770510767243,0.05882011651411546
4,k4_joint_abs_step_d4,-0.1718133036347069,0.11811250497788171
4,k4_joint_abs_step_d5,-0.16786473625594814,0.12693375005871338
4,k4_trans_delta_gripper_high_fraction,0.15761922711963985,0.15216497095681755
4,k4_trans_delta_gripper_tv,-0.14639306062494986,0.18391997131224774
4,k4_trans_delta_joint_abs_step_d4,-0.14505171035600598,0.18801450065368125
4,k4_trans_delta_joint_abs_step_d5,-0.1377311920506071,0.211527309222533
4,k4_trans_endpoint_direction_change,-0.13742701538971794,0.21254750607001283
4,k4_trans_delta_joint_endpoint,-0.13533833565161243,0.21964713882100262
4,k4_trans_delta_gripper_mean,0.13260074570361008,0.2292031862465872
4,k4_trans_delta_gripper_step_max,-0.13022300711899662,0.23773565971832888
4,k4_prefix_joint_delta_mean,-0.12815632277007188,0.24532873859417628
4,k4_flow_delta_l2,-0.12086665991697884,0.27343623323762833
4,k4_trans_delta_joint_path,-0.11643882578836656,0.291525107261938
4,k4_trans_delta_joint_step_mean,-0.11643882578836656,0.291525107261938
4,k4_flow_relative_l2,-0.11535891465019744,0.29605389969144863
4,k4_trans_delta_joint_roughness,0.113904020280957,0.30222794500883915
4,k4_gripper_endpoint,-0.11066651083772922,0.3162663716707468
4,k4_flow_cosine,0.10948668624076138,0.3214850832084983
4,k4_flow_norm,-0.10918295028854916,0.3228374793269563
4,k4_trans_delta_joint_direction_change,0.10881413082207855,0.3244845505356819
4,k4_trans_delta_joint_abs_step_d2,0.1056506935488314,0.3388318124825447
4,k4_gripper_high_fraction,-0.1037126751773371,0.34781571422669233
4,k4_prefix_joint_delta_max,-0.10323390648970192,0.3500577935147374
4,k4_gripper_mean,-0.10059785662706923,0.36256306391317217
4,k4_prefix_gripper_delta_max,-0.10015113119970011,0.36470918672108266
4,k4_joint_accel_max,-0.09602105902602005,0.3849176616685308
4,k4_trans_delta_joint_jerk_max,0.0945381062043478,0.3923346006222066
4,k4_prefix_gripper_delta_mean,-0.09107246819937255,0.4099962970397619
4,k4_trans_delta_joint_abs_step_d6,-0.08717703101083035,0.4303916867587856
4,k4_trans_delta_joint_accel_mean,0.08683229746182267,0.43222402265851934
4,k4_gripper_range,-0.08629494752500823,0.43508898261086926
4,k4_joint_step_max,-0.08318315277918396,0.45189001884438984
4,k4_gripper_tv,-0.08188022871103005,0.459030188794156
4,k4_trans_delta_joint_abs_step_d3,-0.07496940768714581,0.4979205870528679
4,k4_gripper_step_max,-0.07329180938645795,0.5076141039687616
4,k4_trans_delta_gripper_end,0.07129511785147247,0.5192768686383953
4,k4_joint_abs_step_d2,-0.07014275589753974,0.5260691164996644
4,k4_trans_delta_joint_abs_step_d1,-0.06987951822826738,0.5276269202851931
4,k4_trans_delta_joint_abs_step_d0,-0.0664727396263089,0.5479937830888331
4,k4_gripper_start,-0.06560176571333225,0.5532612860533879
4,k4_joint_accel_mean,-0.05947149944315076,0.5910092145473724
4,k4_trans_gripper_boundary,-0.05272266723695268,0.6338589927700811
4,k4_joint_abs_step_d6,-0.0512908777969019,0.6431134420014414
4,k4_joint_path,-0.05082514933684318,0.6461355466227264
4,k4_joint_step_mean,-0.05082514933684318,0.6461355466227264
4,k4_joint_jerk_max,0.04908372987749317,0.657486132679675
4,k4_trans_delta_joint_accel_max,0.048242418417019185,0.6629979157141441
4,k4_trans_delta_joint_jerk_mean,0.0475326728749445,0.6676617382618422
4,k4_joint_endpoint,-0.04294826364280652,0.6980838576136144
4,k4_joint_roughness,0.04015389288245419,0.7168674659506902
4,k4_joint_jerk_mean,-0.03602308393236813,0.7449422236173302
4,k4_trans_has_previous,0.030867959627571995,0.7804467680604216
4,k4_joint_abs_step_d0,-0.030495089602105906,0.7830333099007405
4,k4_joint_abs_step_d3,0.024622861192669838,0.8240612836378127
4,k4_gripper_end,-0.017588300257230547,0.8738293616284054
4,k4_joint_abs_step_d1,0.01663477406963937,0.8806177550963228
4,k4_trans_delta_joint_step_max,-0.014499087502382813,0.8958528016821168
4,k4_trans_joint_boundary,-0.006387709878672147,0.9540133354830795
4,k4_joint_direction_change,0.00287536701427559,0.9792905595351413
8,k8_trans_delta_gripper_start,0.26914666776950563,0.013298469514365094
8,k8_joint_accel_mean,-0.2135466234686646,0.0511257771692388
8,k8_trans_delta_gripper_endpoint,-0.2099613208372169,0.05524817917107134
8,k8_trans_delta_gripper_range,-0.20934474807681788,0.055983798532811956
8,k8_trans_delta_joint_accel_mean,-0.20915187202737945,0.056215551932326545
8,k8_joint_jerk_mean,-0.18538017616685232,0.09136393419668362
8,k8_trans_delta_gripper_high_fraction,0.17756392896677042,0.10611934326961026
8,k8_trans_delta_gripper_tv,-0.17349966714722614,0.11449218345690904
8,k8_trans_delta_joint_direction_change,0.16703354371626186,0.1288531947778126
8,k8_trans_delta_gripper_step_max,-0.16598949294494483,0.13129545488550923
8,k8_trans_delta_joint_abs_step_d4,-0.16569516640834958,0.1319902731426851
8,k8_trans_delta_joint_jerk_mean,-0.16362676511430338,0.13695227660931245
8,k8_trans_delta_joint_path,-0.14926962672033547,0.17535843210881352
8,k8_trans_delta_joint_step_mean,-0.14926962672033547,0.17535843210881352
8,k8_joint_abs_step_d5,-0.14852688063177077,0.17754058909186923
8,k8_trans_delta_gripper_mean,0.1464625493966825,0.18370963395957174
8,k8_trans_delta_joint_abs_step_d5,-0.14000237778524607,0.2040195492455583
8,k8_prefix_joint_delta_max,-0.13309572897344146,0.22745419596575192
8,k8_flow_delta_l2,-0.13224663359319633,0.23046016818486006
8,k8_gripper_start,0.13119957072163124,0.23420500944250888
8,k8_flow_norm,-0.12817657183355272,0.24525354199123842
8,k8_flow_relative_l2,-0.12718436772299282,0.24895685648173993
8,k8_flow_cosine,0.12623266173939457,0.2525449041114999
8,k8_prefix_joint_delta_mean,-0.12619216361243293,0.2526983676177743
8,k8_trans_delta_joint_jerk_max,-0.1188519606314205,0.28157121477482255
8,k8_gripper_mean,0.11705267424713132,0.2889713128524708
8,k8_gripper_end,0.112712486810122,0.30734656650760245
8,k8_joint_abs_step_d4,-0.10401943910094158,0.346383857753372
8,k8_joint_step_max,-0.10059734737268401,0.3625655060042937
8,k8_trans_has_previous,0.09821623517863819,0.37409431107647195
8,k8_gripper_high_fraction,0.09755166492134704,0.37735130933300154
8,k8_trans_delta_joint_abs_step_d1,-0.09603871106473426,0.38482988550664865
8,k8_joint_path,-0.09067530626708514,0.4120495270861827
8,k8_joint_step_mean,-0.09067530626708514,0.4120495270861827
8,k8_trans_delta_joint_endpoint,-0.09058380961278885,0.41252338928258436
8,k8_trans_delta_joint_accel_max,-0.08713647412271182,0.430607025701221
8,k8_trans_delta_joint_roughness,0.08024180314255774,0.4680963424610739
8,k8_joint_abs_step_d6,-0.07864736255948161,0.4770117457043598
8,k8_joint_abs_step_d0,-0.0781613850359421,0.4797471453135752
8,k8_trans_delta_joint_step_max,-0.0767133538762436,0.48794716659234716
8,k8_trans_delta_joint_abs_step_d6,-0.07500996457526436,0.4976874439991217
8,k8_trans_endpoint_direction_change,-0.07464495258219739,0.49978778338802154
8,k8_trans_delta_joint_abs_step_d3,-0.07448272502972317,0.5007227476887732
8,k8_joint_direction_change,0.06755087577199555,0.5415072837656068
8,k8_joint_accel_max,-0.06542472410651008,0.5543349747484936
8,k8_trans_delta_gripper_end,0.05976155659393284,0.5891972283222275
8,k8_joint_endpoint,-0.05718335526981878,0.6053905647139126
8,k8_joint_abs_step_d2,-0.047727042624278626,0.6663832488530759
8,k8_gripper_step_max,-0.0452869996436398,0.682500801026175
8,k8_joint_roughness,0.04509466437177281,0.6837774418372212
8,k8_prefix_gripper_delta_max,-0.04291400182878349,0.698313095368054
8,k8_prefix_gripper_delta_mean,0.04009276443535445,0.7172803016723488
8,k8_joint_jerk_max,-0.03825048091525767,0.7297598561255809
8,k8_trans_joint_boundary,0.038062639499262294,0.7310363062677316
8,k8_trans_gripper_boundary,0.032599340085120686,0.7684680914987378
8,k8_gripper_range,0.01587374177697529,0.8860419460479438
8,k8_joint_abs_step_d1,-0.014214842563531437,0.8978834489666161
8,k8_joint_abs_step_d3,0.012999898754682595,0.9065702559549764
8,k8_trans_delta_joint_abs_step_d0,0.012755141313285019,0.9083216253686366
8,k8_gripper_endpoint,-0.004884923053480774,0.9648243186980328
8,k8_gripper_tv,0.004617604690109401,0.9667481167401696
8,k8_trans_delta_joint_abs_step_d2,0.0036298414866105222,0.9738582701916169
