feature,stage,count,median,q25,q75,fine_spearman,fine_spearman_p
joint_path,free_open,87,0.3771198990122544,0.23610034389403203,0.5472689298109499,-0.17669613067322135,0.0007458271637098084
joint_path,pre_close,43,0.271144698599442,0.19414993387356444,0.376056427480294,-0.17669613067322135,0.0007458271637098084
joint_path,closing,54,0.2142386808334243,0.1590713902625427,0.28307087414072113,-0.17669613067322135,0.0007458271637098084
joint_path,hold,139,0.2990472587942609,0.2150027556016595,0.5034338868253421,-0.17669613067322135,0.0007458271637098084
joint_path,release,38,0.32993305071848156,0.19656578787389975,0.46250507242809047,-0.17669613067322135,0.0007458271637098084
joint_step_mean,free_open,87,0.0157133291255106,0.009837514328918,0.022802872075456247,-0.17669613067322135,0.0007458271637098084
joint_step_mean,pre_close,43,0.011297695774976751,0.008089580578065185,0.015669017811678915,-0.17669613067322135,0.0007458271637098084
joint_step_mean,closing,54,0.008926611701392678,0.006627974594272612,0.01179461975586338,-0.17669613067322135,0.0007458271637098084
joint_step_mean,hold,139,0.012460302449760872,0.008958448150069145,0.020976411951055922,-0.17669613067322135,0.0007458271637098084
joint_step_mean,release,38,0.013747210446603398,0.00819024116141249,0.01927104468450377,-0.17669613067322135,0.0007458271637098084
joint_step_max,free_open,87,0.05422952396413181,0.03496762901817521,0.08600690479853818,-0.12921254156511683,0.01401684493234016
joint_step_max,pre_close,43,0.04600774738398769,0.0300891263162427,0.07643023441203228,-0.12921254156511683,0.01401684493234016
joint_step_max,closing,54,0.039193267367069434,0.029882110753157966,0.055321858325167214,-0.12921254156511683,0.01401684493234016
joint_step_max,hold,139,0.048522423682795676,0.03252714003446419,0.07733573631013493,-0.12921254156511683,0.01401684493234016
joint_step_max,release,38,0.042841120429263385,0.031508919452781406,0.05858335418528449,-0.12921254156511683,0.01401684493234016
joint_endpoint,free_open,87,0.2782660877423326,0.17366493765636498,0.37795772116383974,-0.24512470607639286,2.4371616099313014e-06
joint_endpoint,pre_close,43,0.18236937789491658,0.12771800603404784,0.28310705321020935,-0.24512470607639286,2.4371616099313014e-06
joint_endpoint,closing,54,0.1179782810187821,0.08821692096517861,0.17999983277966758,-0.24512470607639286,2.4371616099313014e-06
joint_endpoint,hold,139,0.207927699018727,0.1160090115848946,0.32104301389714984,-0.24512470607639286,2.4371616099313014e-06
joint_endpoint,release,38,0.17288463632285156,0.09450116520223302,0.3020469887808238,-0.24512470607639286,2.4371616099313014e-06
joint_accel_mean,free_open,87,0.007676062755618608,0.005004785144298269,0.013583669091738006,-0.14605554241367222,0.005429939901775907
joint_accel_mean,pre_close,43,0.0060382721030762315,0.004606672862976947,0.009013962898315414,-0.14605554241367222,0.005429939901775907
joint_accel_mean,closing,54,0.004875413238178543,0.0040434841921769184,0.006491320118021788,-0.14605554241367222,0.005429939901775907
joint_accel_mean,hold,139,0.006427951972254576,0.00422782468331244,0.01131634620962723,-0.14605554241367222,0.005429939901775907
joint_accel_mean,release,38,0.006134268265319339,0.004855560178771682,0.008643458873377441,-0.14605554241367222,0.005429939901775907
joint_accel_max,free_open,87,0.047108711037850415,0.0307943502014388,0.07553611621239592,-0.14164280049394,0.007028676900668792
joint_accel_max,pre_close,43,0.04314820496944881,0.02766497535847022,0.06732514645031687,-0.14164280049394,0.007028676900668792
joint_accel_max,closing,54,0.03267351910531831,0.025734631668349814,0.0463893675953531,-0.14164280049394,0.007028676900668792
joint_accel_max,hold,139,0.04139044175146215,0.027174463701269837,0.0640527934051126,-0.14164280049394,0.007028676900668792
joint_accel_max,release,38,0.03747398109367345,0.02724431935475018,0.054940086625942214,-0.14164280049394,0.007028676900668792
joint_jerk_mean,free_open,87,0.011649343445307709,0.006739923002952047,0.02081675893953274,-0.14611769370831634,0.005409972786178763
joint_jerk_mean,pre_close,43,0.00864660537901971,0.006469323151335216,0.01472500773403824,-0.14611769370831634,0.005409972786178763
joint_jerk_mean,closing,54,0.006590595593443983,0.00499585673685908,0.00940648307718868,-0.14611769370831634,0.005409972786178763
joint_jerk_mean,hold,139,0.009294322007328869,0.006016651695759011,0.016737666629192446,-0.14611769370831634,0.005409972786178763
joint_jerk_mean,release,38,0.009225209151756099,0.006952644509890658,0.012350795088579416,-0.14611769370831634,0.005409972786178763
joint_jerk_max,free_open,87,0.056590397839937086,0.03518506273758449,0.11256613205034036,-0.15351369777096613,0.0034556968704940534
joint_jerk_max,pre_close,43,0.04845012710184353,0.026767062999236244,0.0792831801381525,-0.15351369777096613,0.0034556968704940534
joint_jerk_max,closing,54,0.03492884739577513,0.028136020148725547,0.048991568909738256,-0.15351369777096613,0.0034556968704940534
joint_jerk_max,hold,139,0.04513417246883669,0.03148835850290044,0.09453576035800859,-0.15351369777096613,0.0034556968704940534
joint_jerk_max,release,38,0.04212674828006534,0.029714267626153097,0.060986786007640736,-0.15351369777096613,0.0034556968704940534
joint_direction_change,free_open,87,0.18191756103389886,0.06978997732511719,0.3100521086478638,-0.0341210607596196,0.5181239608014556
joint_direction_change,pre_close,43,0.1597147267106955,0.054033201593672794,0.283022991434452,-0.0341210607596196,0.5181239608014556
joint_direction_change,closing,54,0.1482391147558584,0.0960478151649508,0.23786266388007038,-0.0341210607596196,0.5181239608014556
joint_direction_change,hold,139,0.1298403176270764,0.0727617570351877,0.2646269123755552,-0.0341210607596196,0.5181239608014556
joint_direction_change,release,38,0.1408092150933721,0.08306171080241961,0.31200415297304607,-0.0341210607596196,0.5181239608014556
joint_roughness,free_open,87,0.5567730541921312,0.3707018376939739,0.6854413402947692,0.012057351160958471,0.819410336356862
joint_roughness,pre_close,43,0.6090108991848354,0.3994655078356095,0.7546112574021038,0.012057351160958471,0.819410336356862
joint_roughness,closing,54,0.5246198399731192,0.42934251654528177,0.6439821684428395,0.012057351160958471,0.819410336356862
joint_roughness,hold,139,0.5300420155107817,0.4078281890634037,0.6884782323233738,0.012057351160958471,0.819410336356862
joint_roughness,release,38,0.487925587707761,0.35857470217307336,0.7507323913342021,0.012057351160958471,0.819410336356862
joint_abs_step_d0,free_open,87,0.0025755585124189705,0.0015611660960333311,0.0046340558227888785,0.015662126250317192,0.766797457522761
joint_abs_step_d0,pre_close,43,0.0027728271252351155,0.0017797973646418554,0.003594207802321501,0.015662126250317192,0.766797457522761
joint_abs_step_d0,closing,54,0.001905165649777953,0.0013813292468858058,0.002851396881844131,0.015662126250317192,0.766797457522761
joint_abs_step_d0,hold,139,0.00338671915883861,0.0020698892003919262,0.00661290926063802,0.015662126250317192,0.766797457522761
joint_abs_step_d0,release,38,0.0023988371771255677,0.0014027751608917,0.0033495927497195674,0.015662126250317192,0.766797457522761
joint_abs_step_d1,free_open,87,0.006734188192487156,0.003833345170809862,0.009913309015839616,-0.21945622138837304,2.592435824106634e-05
joint_abs_step_d1,pre_close,43,0.004868470666312685,0.0028269430091261635,0.0073787522793903725,-0.21945622138837304,2.592435824106634e-05
joint_abs_step_d1,closing,54,0.00386161615354342,0.00220152717135937,0.005471049700798532,-0.21945622138837304,2.592435824106634e-05
joint_abs_step_d1,hold,139,0.00408381572505175,0.002203261823930378,0.006500771380469599,-0.21945622138837304,2.592435824106634e-05
joint_abs_step_d1,release,38,0.0064155092529901685,0.0024207673956808517,0.00831699848492827,-0.21945622138837304,2.592435824106634e-05
joint_abs_step_d2,free_open,87,0.003068188006655428,0.00192372480095333,0.005870769538083289,-0.059292335090486516,0.26116742341798027
joint_abs_step_d2,pre_close,43,0.0027839811625211784,0.0018480441593112296,0.00454810260055501,-0.059292335090486516,0.26116742341798027
joint_abs_step_d2,closing,54,0.002348024916679323,0.001512006223664271,0.003484432886682943,-0.059292335090486516,0.26116742341798027
joint_abs_step_d2,hold,139,0.0038856246827885603,0.001991705482967247,0.006284802407318728,-0.059292335090486516,0.26116742341798027
joint_abs_step_d2,release,38,0.002675638268679239,0.001465422783042562,0.003795823096613997,-0.059292335090486516,0.26116742341798027
joint_abs_step_d3,free_open,87,0.004862880719388775,0.002759598383231689,0.008156909521024047,-0.1656953515212128,0.0015822557610634044
joint_abs_step_d3,pre_close,43,0.003430335380717566,0.001480282069128723,0.0061136357542532545,-0.1656953515212128,0.0015822557610634044
joint_abs_step_d3,closing,54,0.002310134985768265,0.0014070684869391785,0.0049103571786824505,-0.1656953515212128,0.0015822557610634044
joint_abs_step_d3,hold,139,0.003363018332786155,0.001819209749260304,0.006101506903803372,-0.1656953515212128,0.0015822557610634044
joint_abs_step_d3,release,38,0.0035118580930358313,0.0017238771346746815,0.0070317481756092485,-0.1656953515212128,0.0015822557610634044
joint_abs_step_d4,free_open,87,0.002632548459700608,0.0013750498450257516,0.004265977339677771,-0.11864682147561716,0.02416849635144837
joint_abs_step_d4,pre_close,43,0.0018232113543440135,0.000997638226089621,0.0028748295562590837,-0.11864682147561716,0.02416849635144837
joint_abs_step_d4,closing,54,0.0012556259114774914,0.0006701625964223883,0.0019254996829172013,-0.11864682147561716,0.02416849635144837
joint_abs_step_d4,hold,139,0.0025287273696034777,0.0014241383825059567,0.004254170481713259,-0.11864682147561716,0.02416849635144837
joint_abs_step_d4,release,38,0.0022270892111123097,0.001301764728062307,0.0038354343223024794,-0.11864682147561716,0.02416849635144837
joint_abs_step_d5,free_open,87,0.004660191403747349,0.00305668008102247,0.008791512012275689,-0.14120774143143117,0.007207123299005676
joint_abs_step_d5,pre_close,43,0.003477646575579141,0.002127760214017958,0.004858803123534282,-0.14120774143143117,0.007207123299005676
joint_abs_step_d5,closing,54,0.0025344189203449726,0.0018813526080655614,0.00491121553556665,-0.14120774143143117,0.007207123299005676
joint_abs_step_d5,hold,139,0.004225181721465058,0.0023593146965555666,0.006858963509129158,-0.14120774143143117,0.007207123299005676
joint_abs_step_d5,release,38,0.0048907724576014765,0.0029136065011731564,0.008709484242611292,-0.14120774143143117,0.007207123299005676
joint_abs_step_d6,free_open,87,0.002743994946435525,0.0015378775613725682,0.005512173064277387,-0.16513598986941577,0.0016419818235983116
joint_abs_step_d6,pre_close,43,0.001564329766872986,0.0008406100827535601,0.003909024625962352,-0.16513598986941577,0.0016419818235983116
joint_abs_step_d6,closing,54,0.001521357846740744,0.000908272833102838,0.0020672549456769453,-0.16513598986941577,0.0016419818235983116
joint_abs_step_d6,hold,139,0.002140358346189472,0.0011326828281736268,0.0047727020942825455,-0.16513598986941577,0.0016419818235983116
joint_abs_step_d6,release,38,0.0018377074746147226,0.0011873169373548887,0.00403588673822817,-0.16513598986941577,0.0016419818235983116
gripper_start,free_open,87,0.0,0.0,0.0,0.5672231590435785,4.0106269855015585e-32
gripper_start,pre_close,43,0.0,0.0,0.0,0.5672231590435785,4.0106269855015585e-32
gripper_start,closing,54,0.0,0.0,0.41662491366305415,0.5672231590435785,4.0106269855015585e-32
gripper_start,hold,139,1.0,0.9933746950003426,1.0,0.5672231590435785,4.0106269855015585e-32
gripper_start,release,38,0.9775686834685355,0.6915986487345662,1.0,0.5672231590435785,4.0106269855015585e-32
gripper_end,free_open,87,0.0,0.0,0.0,0.6183407134100118,1.8612741158435104e-39
gripper_end,pre_close,43,0.0,0.0,0.3550108867428946,0.6183407134100118,1.8612741158435104e-39
gripper_end,closing,54,1.0,0.9733202428701632,1.0,0.6183407134100118,1.8612741158435104e-39
gripper_end,hold,139,1.0,0.9729305360507663,1.0,0.6183407134100118,1.8612741158435104e-39
gripper_end,release,38,0.0,0.0,0.002505589175431198,0.6183407134100118,1.8612741158435104e-39
gripper_mean,free_open,87,0.0,0.0,0.0,0.6798905637373152,2.6870593272453006e-50
gripper_mean,pre_close,43,0.0,0.0,0.03934474552202691,0.6798905637373152,2.6870593272453006e-50
gripper_mean,closing,54,0.6164626637652111,0.38534846088678276,0.8718483123964624,0.6798905637373152,2.6870593272453006e-50
gripper_mean,hold,139,1.0,0.9634610126919566,1.0,0.6798905637373152,2.6870593272453006e-50
gripper_mean,release,38,0.5698959857437994,0.20206614737384035,0.6452101476730943,0.6798905637373152,2.6870593272453006e-50
gripper_range,free_open,87,0.0,0.0,0.0,0.4478644006684238,3.2820287645761673e-19
gripper_range,pre_close,43,0.0,0.0,0.35253718605013895,0.4478644006684238,3.2820287645761673e-19
gripper_range,closing,54,0.9752445673486401,0.5833750863369458,1.0,0.4478644006684238,3.2820287645761673e-19
gripper_range,hold,139,0.0,0.0,0.06674450329653042,0.4478644006684238,3.2820287645761673e-19
gripper_range,release,38,0.9701076358522296,0.7279119978553829,0.999724063458505,0.4478644006684238,3.2820287645761673e-19
gripper_tv,free_open,87,0.0,0.0,0.0,0.44923995737369793,2.4797968774543175e-19
gripper_tv,pre_close,43,0.0,0.0,0.3550108867428946,0.44923995737369793,2.4797968774543175e-19
gripper_tv,closing,54,0.9974586847589029,0.6395708329359617,1.0,0.44923995737369793,2.4797968774543175e-19
gripper_tv,hold,139,0.0,0.0,0.13552752472586177,0.44923995737369793,2.4797968774543175e-19
gripper_tv,release,38,0.9933746950003427,0.7462620477580753,1.0,0.44923995737369793,2.4797968774543175e-19
gripper_step_max,free_open,87,0.0,0.0,0.0,0.4491991872107306,2.5005289921410586e-19
gripper_step_max,pre_close,43,0.0,0.0,0.20005403736677788,0.4491991872107306,2.5005289921410586e-19
gripper_step_max,closing,54,0.22202023023074768,0.1279561504819515,0.25942857729573165,0.4491991872107306,2.5005289921410586e-19
gripper_step_max,hold,139,0.0,0.0,0.06378125707211929,0.4491991872107306,2.5005289921410586e-19
gripper_step_max,release,38,0.2588300290640613,0.1281289820166392,0.3339461911474415,0.4491991872107306,2.5005289921410586e-19
gripper_endpoint,free_open,87,0.0,0.0,0.0,0.4229486386858031,4.2452985958918045e-17
gripper_endpoint,pre_close,43,0.0,0.0,0.2652157875798821,0.4229486386858031,4.2452985958918045e-17
gripper_endpoint,closing,54,0.9592602247412112,0.5691288941832244,1.0,0.4229486386858031,4.2452985958918045e-17
gripper_endpoint,hold,139,0.0,0.0,0.008333521672062139,0.4229486386858031,4.2452985958918045e-17
gripper_endpoint,release,38,0.9650355387412388,0.6585016491410144,0.999724063458505,0.4229486386858031,4.2452985958918045e-17
gripper_high_fraction,free_open,87,0.0,0.0,0.0,0.661292559388036,9.457604114001634e-47
gripper_high_fraction,pre_close,43,0.0,0.0,0.0,0.661292559388036,9.457604114001634e-47
gripper_high_fraction,closing,54,0.6041666666666667,0.3854166666666667,0.90625,0.661292559388036,9.457604114001634e-47
gripper_high_fraction,hold,139,1.0,1.0,1.0,0.661292559388036,9.457604114001634e-47
gripper_high_fraction,release,38,0.5625,0.20833333333333334,0.6666666666666666,0.661292559388036,9.457604114001634e-47
trans_endpoint_direction_change,free_open,87,0.3410413327156179,0.0,0.7384099142892074,0.2836995876818266,4.1418986951389243e-08
trans_endpoint_direction_change,pre_close,43,0.2851422585497335,0.1277221954845561,0.5614173589822263,0.2836995876818266,4.1418986951389243e-08
trans_endpoint_direction_change,closing,54,1.0154861847896743,0.2554162333048425,1.656913192760426,0.2836995876818266,4.1418986951389243e-08
trans_endpoint_direction_change,hold,139,0.7963912349855369,0.39160752611043903,1.269967174097675,0.2836995876818266,4.1418986951389243e-08
trans_endpoint_direction_change,release,38,1.0170134834847355,0.6279102782512818,1.6970928175036244,0.2836995876818266,4.1418986951389243e-08
trans_gripper_boundary,free_open,87,0.0,0.0,0.0,0.17825043667426071,0.000668214394760427
trans_gripper_boundary,pre_close,43,0.0,0.0,0.0,0.17825043667426071,0.000668214394760427
trans_gripper_boundary,closing,54,0.0,0.0,0.06541691994385238,0.17825043667426071,0.000668214394760427
trans_gripper_boundary,hold,139,0.0,0.0,0.0,0.17825043667426071,0.000668214394760427
trans_gripper_boundary,release,38,0.0,0.0,0.07153211805479354,0.17825043667426071,0.000668214394760427
trans_has_previous,free_open,87,1.0,0.0,1.0,0.3132382161684664,1.1671908558412571e-09
trans_has_previous,pre_close,43,1.0,1.0,1.0,0.3132382161684664,1.1671908558412571e-09
trans_has_previous,closing,54,1.0,1.0,1.0,0.3132382161684664,1.1671908558412571e-09
trans_has_previous,hold,139,1.0,1.0,1.0,0.3132382161684664,1.1671908558412571e-09
trans_has_previous,release,38,1.0,1.0,1.0,0.3132382161684664,1.1671908558412571e-09
trans_joint_boundary,free_open,87,0.006924691965496571,0.0,0.015264114144672124,0.08457506340361337,0.10866367671773704
trans_joint_boundary,pre_close,43,0.005101551798480565,0.002713541341876874,0.011466271447545012,0.08457506340361337,0.10866367671773704
trans_joint_boundary,closing,54,0.005973457187024645,0.0030225124073909406,0.010336359895062174,0.08457506340361337,0.10866367671773704
trans_joint_boundary,hold,139,0.010435097740062871,0.005747185788346966,0.018759396923696214,0.08457506340361337,0.10866367671773704
trans_joint_boundary,release,38,0.0074918828075935685,0.0034675482924512303,0.013224451437621371,0.08457506340361337,0.10866367671773704
