calls,feature,target,spearman,p_value
8,k8_dit_flow_delta_joint7_rms,k8_prefix_joint_delta_mean,0.9854611724207756,6.697892947079586e-65
4,k4_dit_flow_delta_joint7_rms,k4_prefix_joint_delta_mean,0.9843677229928115,1.2817597606222681e-63
2,k2_dit_flow_delta_joint7_rms,k2_prefix_joint_delta_mean,0.9805406499949378,9.428273823581656e-60
2,k2_dit_flow_joint7_rms,k2_pred_motion_h8,0.9057001113698492,2.647246675178512e-32
4,k4_dit_flow_joint7_rms,k4_pred_motion_h8,0.8986939354054875,4.330929035045463e-31
1,k1_dit_flow_joint7_rms,k2_pred_motion_h8,0.8858357800951707,4.460029584982219e-29
8,k8_dit_flow_joint7_rms,k8_pred_motion_h8,0.8713374506429078,4.4429623088972716e-27
2,k2_dit_flow_joint7_rms,k4_pred_motion_h8,0.8707704768654451,5.25828477550659e-27
4,k4_dit_flow_joint7_rms,k2_pred_motion_h8,0.8704059937227904,5.8573469807448154e-27
8,k8_dit_flow_joint7_rms,k4_pred_motion_h8,0.8692922952313454,8.12833394935799e-27
16,k16_dit_flow_joint7_rms,k4_pred_motion_h8,0.8588437784752456,1.529797397137782e-25
16,k16_dit_flow_joint7_rms,k8_pred_motion_h8,0.853012048192771,7.118662064140872e-25
1,k1_dit_flow_joint7_rms,k4_pred_motion_h8,0.8368735445985623,3.627554933959292e-23
16,k16_dit_flow_all32_rms,k8_pred_motion_h8,0.8173736964665385,2.4550829109004193e-21
16,k16_dit_flow_all32_rms,k4_pred_motion_h8,0.8113394755492558,8.180468183129994e-21
8,k8_dit_flow_all32_rms,k8_pred_motion_h8,0.7901792042118052,4.0501599000282906e-19
4,k4_dit_flow_joint7_rms,k8_pred_motion_h8,0.7895514832439,4.515966888356186e-19
16,k16_dit_flow_joint7_rms,k2_pred_motion_h8,0.7851169383416017,9.643537582391413e-19
8,k8_dit_flow_all32_mean_abs,k8_pred_motion_h8,0.7827477979143465,1.4358024404051669e-18
16,k16_dit_flow_all32_mean_abs,k4_pred_motion_h8,0.7823428166447302,1.5361269885514687e-18
16,k16_dit_flow_all32_mean_abs,k8_pred_motion_h8,0.7807431406297459,2.0030039095767425e-18
4,k4_dit_flow_all32_rms,k4_pred_motion_h8,0.777462792345854,3.4279715839774187e-18
8,k8_dit_flow_joint7_rms,k2_pred_motion_h8,0.7757416219499849,4.527936641060461e-18
8,k8_dit_flow_delta_action8_rms,k8_prefix_joint_delta_mean,0.7728460058722285,7.191887068394103e-18
8,k8_dit_flow_all32_mean_abs,k4_pred_motion_h8,0.7699706388579528,1.131032365467028e-17
8,k8_dit_flow_all32_rms,k4_pred_motion_h8,0.763632681988458,2.999302976930082e-17
2,k2_dit_flow_joint7_rms,k8_pred_motion_h8,0.762559481623975,3.527216416287103e-17
4,k4_dit_flow_delta_action8_rms,k4_prefix_joint_delta_mean,0.752212210185279,1.613677528875968e-16
4,k4_dit_flow_all32_mean_abs,k4_pred_motion_h8,0.7498633188215045,2.255439910194661e-16
4,k4_dit_flow_all32_rms,k8_pred_motion_h8,0.7438493469677028,5.227875569955252e-16
16,k16_dit_flow_action8_rms,k4_pred_motion_h8,0.7427761466032197,6.059147549361591e-16
16,k16_dit_flow_action8_rms,k8_pred_motion_h8,0.7364381897337249,1.4273351233743006e-15
2,k2_dit_flow_action8_rms,k2_pred_motion_h8,0.7306267085147312,3.0653679445322938e-15
16,k16_dit_flow_all32_rms,k2_pred_motion_h8,0.7294522628328439,3.568848342559083e-15
4,k4_dit_flow_all32_mean_abs,k2_pred_motion_h8,0.7293307684519591,3.625273458742345e-15
2,k2_dit_flow_all32_rms,k2_pred_motion_h8,0.7287637946744963,3.900181921289859e-15
2,k2_dit_flow_all32_rms,k4_pred_motion_h8,0.7241875063278322,6.98912285644044e-15
1,k1_dit_flow_joint7_rms,k8_pred_motion_h8,0.7198339576794573,1.2044110038742627e-14
4,k4_dit_flow_all32_rms,k2_pred_motion_h8,0.7191657385845904,1.3081548598879707e-14
16,k16_dit_flow_all32_mean_abs,k2_pred_motion_h8,0.7189429988863015,1.3446141887509966e-14
2,k2_dit_flow_all32_mean_abs,k2_pred_motion_h8,0.7153386655867165,2.090287278184807e-14
1,k1_dit_flow_all32_rms,k2_pred_motion_h8,0.7123215551280753,3.0084725600932236e-14
1,k1_dit_flow_action8_rms,k2_pred_motion_h8,0.7089399615267794,4.4999404887538264e-14
8,k8_dit_flow_action8_rms,k8_pred_motion_h8,0.7076035233370457,5.267818300967065e-14
4,k4_dit_flow_all32_mean_abs,k8_pred_motion_h8,0.7045256656879619,7.546885273130026e-14
1,k1_dit_flow_all32_rms,k4_pred_motion_h8,0.6999088792143363,1.2831204908062539e-13
8,k8_dit_flow_action8_rms,k4_pred_motion_h8,0.6987141844689684,1.4696161722323806e-13
2,k2_dit_flow_delta_action8_rms,k2_prefix_joint_delta_mean,0.6978434747392933,1.6217214735099542e-13
16,k16_dit_flow_joint7_mean_abs,k4_pred_motion_h8,0.6936519185987648,2.5927988729399595e-13
4,k4_dit_flow_action8_rms,k4_pred_motion_h8,0.6916877594411259,3.2216653898328973e-13
2,k2_dit_flow_action8_rms,k4_pred_motion_h8,0.6845195909689177,7.014997500441341e-13
8,k8_dit_flow_all32_mean_abs,k2_pred_motion_h8,0.6843778475245521,7.122183803051499e-13
1,k1_dit_flow_all32_mean_abs,k2_pred_motion_h8,0.6842563531436671,7.215311414699527e-13
2,k2_dit_flow_all32_mean_abs,k4_pred_motion_h8,0.6836488812392427,7.698814867347274e-13
4,k4_dit_flow_action8_rms,k2_pred_motion_h8,0.6783436266072694,1.3476653108159475e-12
16,k16_dit_flow_joint7_mean_abs,k8_pred_motion_h8,0.6727548850865649,2.4006512035646962e-12
16,k16_dit_flow_action8_rms,k2_pred_motion_h8,0.6710944618811381,2.8430486029947986e-12
8,k8_dit_flow_joint7_mean_abs,k4_pred_motion_h8,0.6706489824845601,2.9744850031896017e-12
8,k8_dit_flow_joint7_mean_abs,k8_pred_motion_h8,0.6649387465829705,5.272884877463996e-12
2,k2_dit_flow_joint7_rms,gt_motion_h8,0.6623468664574265,6.8096908674300844e-12
8,k8_dit_flow_all32_rms,k4_prefix_joint_delta_mean,0.6620836286321758,6.987918111304206e-12
16,k16_dit_flow_joint7_mean_abs,k2_pred_motion_h8,0.659228510681381,9.232738333766457e-12
1,k1_dit_flow_joint7_rms,gt_motion_h8,0.6591070163004961,9.342214603003579e-12
1,k1_dit_flow_action8_rms,k4_pred_motion_h8,0.6521413384630961,1.8200611631898498e-11
1,k1_dit_flow_gripper_max_abs,fine,-0.6512406690034335,1.9814760856581534e-11
2,k2_dit_flow_gripper_max_abs,fine,-0.65006328824243,2.2133158093885635e-11
2,k2_dit_flow_all32_rms,k8_pred_motion_h8,0.6475245519894705,2.805114038199572e-11
2,k2_dit_flow_joint7_mean_abs,k2_pred_motion_h8,0.6435962336741926,4.029917361039956e-11
16,k16_dit_flow_action8_mean_abs,k4_pred_motion_h8,0.643332995848942,4.128182705329598e-11
8,k8_dit_flow_all32_rms,k2_pred_motion_h8,0.6427457730079984,4.35574634562451e-11
1,k1_dit_flow_all32_mean_abs,k4_pred_motion_h8,0.6395464209780298,5.823068029420191e-11
8,k8_dit_flow_delta_joint7_rms,k4_prefix_joint_delta_mean,0.6362863217576188,7.800673974431576e-11
8,k8_dit_flow_action8_rms,k2_pred_motion_h8,0.6338159360129594,9.713112940548877e-11
4,k4_dit_flow_delta_joint7_rms,k8_prefix_joint_delta_mean,0.6333502075529007,1.0120824290826527e-10
4,k4_dit_flow_joint7_mean_abs,k2_pred_motion_h8,0.6323175053153792,1.1084242065779012e-10
8,k8_dit_flow_all32_mean_abs,k4_prefix_joint_delta_mean,0.6273969828895414,1.7016281511240745e-10
4,k4_dit_flow_action8_rms,k8_pred_motion_h8,0.6260605446998077,1.9092481738930768e-10
16,k16_dit_flow_action8_mean_abs,k8_pred_motion_h8,0.6243191252404577,2.2164318208127425e-10
8,k8_dit_flow_joint7_mean_abs,k2_pred_motion_h8,0.6228409436063582,2.513842469373367e-10
1,k1_dit_flow_gripper_rms,fine,-0.6219996266253803,2.699813078415217e-10
4,k4_dit_flow_joint7_mean_abs,k4_pred_motion_h8,0.6185278930849448,3.616315515346634e-10
1,k1_dit_flow_all32_rms,k8_pred_motion_h8,0.6168269717525564,4.167631557030578e-10
1,k1_dit_flow_gripper_mean_abs,fine,-0.6164192675188112,4.31127127541317e-10
2,k2_dit_flow_gripper_rms,fine,-0.6152994511141555,4.730604051058129e-10
1,k1_dit_flow_joint7_mean_abs,k2_pred_motion_h8,0.6128176571833552,5.803550698259558e-10
2,k2_dit_flow_action8_max_abs,fine,-0.6103404114517373,7.104648505897571e-10
2,k2_dit_flow_all32_rms,gt_motion_h8,0.6093348182646553,7.70880480494688e-10
8,k8_dit_flow_delta_joint7_rms,k8_pred_motion_h8,0.6068239343930344,9.439503803252797e-10
1,k1_dit_flow_action8_max_abs,fine,-0.6061427671575246,9.969652233641658e-10
2,k2_dit_flow_all32_mean_abs,gt_motion_h8,0.6049205224258378,1.0993118334893017e-09
2,k2_dit_flow_action8_mean_abs,k2_pred_motion_h8,0.6046572846005872,1.122633517597416e-09
1,k1_dit_flow_all32_max_abs,fine,-0.6045358497750876,1.1335509233541624e-09
16,k16_dit_flow_joint7_rms,gt_motion_h8,0.6030981067125646,1.2707770955503342e-09
8,k8_dit_flow_all32_rms,k8_prefix_joint_delta_mean,0.6026526273159867,1.3164263271355519e-09
2,k2_dit_flow_all32_mean_abs,k8_pred_motion_h8,0.6014984306975802,1.44211011455252e-09
4,k4_dit_flow_delta_joint7_rms,k8_pred_motion_h8,0.5998380074921534,1.6432129804011561e-09
2,k2_dit_flow_gripper_mean_abs,fine,-0.5996657082546306,1.6655531824834098e-09
2,k2_dit_flow_action8_rms,k8_pred_motion_h8,0.5948769869393541,2.4164316034051583e-09
16,k16_dit_flow_all32_rms,k4_prefix_joint_delta_mean,0.592163612432925,2.9756383998323534e-09
16,k16_dit_flow_action8_mean_abs,k2_pred_motion_h8,0.5899159663865546,3.5305119808316256e-09
1,k1_dit_flow_action8_mean_abs,k2_pred_motion_h8,0.5865343727852587,4.555073097821664e-09
8,k8_dit_flow_joint7_rms,k4_prefix_joint_delta_mean,0.5813303634706894,6.7040000929793766e-09
1,k1_dit_flow_all32_rms,gt_motion_h8,0.5806418953123418,7.05210112836639e-09
2,k2_dit_flow_delta_joint7_rms,k4_pred_motion_h8,0.5787384833451453,8.106530659477211e-09
2,k2_dit_flow_joint7_mean_abs,k4_pred_motion_h8,0.5778070264250279,8.67578522241537e-09
8,k8_dit_flow_joint7_rms,k8_prefix_joint_delta_mean,0.5756606256960616,1.0136246556743784e-08
16,k16_dit_flow_all32_rms,gt_motion_h8,0.575073402855118,1.0574951932258436e-08
8,k8_dit_flow_all32_rms,k2_prefix_joint_delta_mean,0.5748709122203098,1.073038437354015e-08
4,k4_dit_flow_all32_rms,k4_prefix_joint_delta_mean,0.572785258681786,1.2463389487916819e-08
4,k4_dit_flow_all32_mean_abs,gt_motion_h8,0.5724612736660929,1.2755454237655884e-08
4,k4_dit_flow_joint7_rms,gt_motion_h8,0.5723195302217272,1.2885273964675881e-08
16,k16_dit_flow_delta_gripper_rms,fine,0.5683982225355811,1.7019089661142574e-08
16,k16_dit_flow_all32_mean_abs,gt_motion_h8,0.5679052343829097,1.7620469551635675e-08
8,k8_dit_flow_action8_mean_abs,k8_pred_motion_h8,0.5677837400020249,1.7771756656942852e-08
8,k8_dit_flow_action8_mean_abs,k4_pred_motion_h8,0.5648476257973069,2.1827536653007987e-08
1,k1_dit_flow_all32_mean_abs,gt_motion_h8,0.5630454591475145,2.4738436762565997e-08
4,k4_dit_flow_action8_mean_abs,k2_pred_motion_h8,0.5621949984813203,2.6237142612151344e-08
4,k4_dit_flow_all32_rms,gt_motion_h8,0.5619520097195505,2.668097709369746e-08
8,k8_dit_flow_all32_mean_abs,k8_prefix_joint_delta_mean,0.5617697681482231,2.7018534593621533e-08
16,k16_dit_flow_joint7_rms,k4_prefix_joint_delta_mean,0.5616482737673383,2.724582770554434e-08
8,k8_dit_flow_joint7_rms,gt_motion_h8,0.5607168168472207,2.9049895569074197e-08
16,k16_dit_flow_all32_mean_abs,k4_prefix_joint_delta_mean,0.5586109142452161,3.35570020213941e-08
4,k4_dit_flow_all32_rms,k2_prefix_joint_delta_mean,0.5567884985319429,3.7987451052970624e-08
8,k8_dit_flow_delta_gripper_rms,fine,0.5561145674316686,3.976261382498116e-08
1,k1_dit_flow_all32_mean_abs,k8_pred_motion_h8,0.5561000303735952,3.980176107354359e-08
1,k1_dit_flow_action8_rms,k8_pred_motion_h8,0.5557355472309407,4.0795359161674927e-08
2,k2_dit_flow_action8_rms,gt_motion_h8,0.5530221727245115,4.8969767548557624e-08
1,k1_dit_flow_action8_rms,gt_motion_h8,0.5514022476460464,5.456905970365738e-08
4,k4_dit_flow_gripper_max_abs,fine,-0.5484973105663489,6.616693587073616e-08
4,k4_dit_flow_delta_joint7_rms,k4_pred_motion_h8,0.5472714386959603,7.173353873892942e-08
16,k16_dit_flow_joint7_rms,k8_prefix_joint_delta_mean,0.5462589855219195,7.666381761950337e-08
2,k2_dit_flow_delta_joint7_rms,k4_prefix_joint_delta_mean,0.5461982383314772,7.696964893303642e-08
4,k4_dit_flow_action8_mean_abs,k4_pred_motion_h8,0.5434241166346058,9.223946426242374e-08
4,k4_dit_flow_delta_all32_rms,k4_prefix_joint_delta_mean,0.5433431203806824,9.272587515261076e-08
1,k1_dit_flow_all32_mean_abs,fine,-0.5404808245721439,1.1156696053240152e-07
8,k8_dit_flow_all32_mean_abs,k2_prefix_joint_delta_mean,0.5352434949883569,1.558162974720325e-07
16,k16_dit_flow_action8_rms,k4_prefix_joint_delta_mean,0.5329148526880633,1.8043994859534154e-07
8,k8_dit_flow_action8_mean_abs,k2_pred_motion_h8,0.5315784144983294,1.9619440208741403e-07
16,k16_dit_flow_delta_joint7_rms,k8_prefix_joint_delta_mean,0.531517667307887,1.969406389795137e-07
2,k2_dit_flow_action8_mean_abs,k4_pred_motion_h8,0.5307077047686545,2.0715127063699908e-07
1,k1_dit_flow_action8_rms,fine,-0.529313865386769,2.2590753345307614e-07
16,k16_dit_flow_delta_joint7_rms,k8_pred_motion_h8,0.5275690999291283,2.516597751783518e-07
1,k1_dit_flow_joint7_mean_abs,k4_pred_motion_h8,0.5265566467550876,2.6785438793584545e-07
4,k4_dit_flow_delta_action8_rms,k8_prefix_joint_delta_mean,0.5240457628834667,3.1238527017842336e-07
8,k8_dit_flow_action8_rms,k4_prefix_joint_delta_mean,0.5237420269312544,3.1822460778633624e-07
16,k16_dit_flow_all32_rms,k2_prefix_joint_delta_mean,0.5235192872329655,3.225723488701285e-07
2,k2_dit_flow_all32_max_abs,fine,-0.5221370398043105,3.5083707213712326e-07
2,k2_dit_flow_all32_max_abs,gt_motion_h8,0.5196001840694582,4.0891751588711293e-07
8,k8_dit_flow_joint7_rms,k2_prefix_joint_delta_mean,0.5191859876480713,4.192248216892513e-07
2,k2_dit_flow_delta_joint7_rms,k8_pred_motion_h8,0.5177685532044144,4.563902828265776e-07
4,k4_dit_flow_all32_mean_abs,k4_prefix_joint_delta_mean,0.5177078060139718,4.580507831462444e-07
4,k4_dit_flow_joint7_mean_abs,k8_pred_motion_h8,0.5170598359825858,4.761222642214806e-07
4,k4_dit_flow_joint7_rms,k2_prefix_joint_delta_mean,0.5128075326516148,6.125501438596547e-07
2,k2_dit_flow_action8_rms,fine,-0.5103300347716316,7.082937940427963e-07
4,k4_dit_flow_delta_gripper_rms,gt_motion_h8,-0.5080692517971045,8.078588806909407e-07
8,k8_dit_flow_all32_mean_abs,gt_motion_h8,0.5069960514326213,8.5962302424578e-07
2,k2_dit_flow_all32_max_abs,k2_pred_motion_h8,0.5059761127559198,9.117101807041534e-07
4,k4_dit_flow_action8_max_abs,fine,-0.5058497756374289,9.183657992960827e-07
4,k4_dit_flow_gripper_rms,fine,-0.5047465551789443,9.784677126889402e-07
2,k2_dit_flow_delta_joint7_rms,gt_motion_h8,0.5044446694340388,9.955503801096667e-07
4,k4_dit_flow_all32_max_abs,fine,-0.5035525378685791,1.0476944134452936e-06
16,k16_dit_flow_joint7_rms,k2_prefix_joint_delta_mean,0.5029462387364585,1.0845926739283968e-06
1,k1_dit_flow_action8_mean_abs,k4_pred_motion_h8,0.5028247443555736,1.0921327040580003e-06
16,k16_dit_flow_action8_rms,gt_motion_h8,0.500718841753569,1.2309578053053629e-06
16,k16_dit_flow_all32_rms,k8_prefix_joint_delta_mean,0.49857244102460263,1.3894868983027405e-06
8,k8_dit_flow_delta_gripper_rms,gt_motion_h8,-0.4981269616280247,1.4247183447291308e-06
16,k16_dit_flow_action8_rms,k8_prefix_joint_delta_mean,0.49747899159663866,1.4774717831174285e-06
4,k4_dit_flow_delta_joint7_rms,k2_prefix_joint_delta_mean,0.4967095271843678,1.5425100590477655e-06
4,k4_dit_flow_delta_gripper_rms,k2_pred_motion_h8,-0.49602105902602006,1.6029828785142575e-06
2,k2_dit_flow_joint7_mean_abs,k8_pred_motion_h8,0.49162701225068345,2.0448772937308554e-06
2,k2_dit_flow_all32_max_abs,k4_pred_motion_h8,0.4887128735840776,2.3987649826417562e-06
2,k2_dit_flow_delta_joint7_rms,k2_pred_motion_h8,0.48583578009517064,2.8041694958759297e-06
8,k8_dit_flow_action8_rms,k8_prefix_joint_delta_mean,0.48541054976207354,2.8692959860841805e-06
2,k2_dit_flow_all32_mean_abs,fine,-0.4846460286452695,2.9899833631339338e-06
16,k16_dit_flow_all32_mean_abs,k2_prefix_joint_delta_mean,0.48437784752455204,3.0334390411211233e-06
8,k8_dit_flow_all32_rms,gt_motion_h8,0.48338564341399204,3.199438613921618e-06
2,k2_dit_flow_action8_mean_abs,fine,-0.4824126368081945,3.370500903663015e-06
8,k8_dit_flow_gripper_max_abs,fine,-0.48155549045825186,3.528289428339752e-06
8,k8_dit_flow_delta_joint7_rms,k4_pred_motion_h8,0.47982180824136883,3.868918648026444e-06
1,k1_dit_flow_action8_mean_abs,fine,-0.476829157215507,4.530736673115949e-06
4,k4_dit_flow_all32_mean_abs,k2_prefix_joint_delta_mean,0.4756302521008403,4.824609088641438e-06
16,k16_dit_flow_all32_mean_abs,k8_prefix_joint_delta_mean,0.47247139819783335,5.687000593535302e-06
4,k4_dit_flow_action8_mean_abs,k8_pred_motion_h8,0.4718841753568898,5.862492294492048e-06
4,k4_dit_flow_delta_gripper_rms,k4_pred_motion_h8,-0.47184367722992815,5.874780761508462e-06
1,k1_dit_flow_all32_max_abs,k2_pred_motion_h8,0.46993863620658627,6.480948511145787e-06
2,k2_dit_flow_delta_gripper_rms,gt_motion_h8,-0.46935304242178805,6.678772804095708e-06
16,k16_dit_flow_joint7_mean_abs,gt_motion_h8,0.4663966791535892,7.767028519712246e-06
16,k16_dit_flow_action8_mean_abs,k4_prefix_joint_delta_mean,0.4659309506935304,7.952930588405823e-06
4,k4_dit_flow_action8_rms,fine,-0.46231211027451974,9.546323698163342e-06
4,k4_dit_flow_joint7_rms,k4_prefix_joint_delta_mean,0.4596739900779589,1.0891485726453802e-05
4,k4_dit_flow_action8_rms,gt_motion_h8,0.45916776349093863,1.1169118163635643e-05
16,k16_dit_flow_delta_joint7_rms,k4_pred_motion_h8,0.4576288346663967,1.2054384515548232e-05
2,k2_dit_flow_action8_max_abs,k2_pred_motion_h8,0.45507731429662174,1.3668366968438598e-05
2,k2_dit_flow_joint7_rms,k2_prefix_joint_delta_mean,0.45155411562215253,1.623141068164707e-05
4,k4_dit_flow_gripper_mean_abs,fine,-0.4505913651795492,1.7006278872013728e-05
2,k2_dit_flow_all32_rms,k2_prefix_joint_delta_mean,0.4498734433532449,1.76064670729514e-05
16,k16_dit_flow_action8_mean_abs,k8_prefix_joint_delta_mean,0.44904323175053157,1.8325207805028293e-05
16,k16_dit_flow_action8_rms,k2_prefix_joint_delta_mean,0.44859775235395366,1.8722091268106724e-05
2,k2_dit_flow_action8_mean_abs,k8_pred_motion_h8,0.4460463703553711,2.1154345336084894e-05
16,k16_dit_flow_joint7_mean_abs,k8_prefix_joint_delta_mean,0.4453781512605042,2.183848076018931e-05
2,k2_dit_flow_action8_mean_abs,gt_motion_h8,0.44505416624481126,2.2177571413516508e-05
1,k1_dit_flow_action8_max_abs,k2_pred_motion_h8,0.44446408045934305,2.280783851304854e-05
1,k1_dit_flow_all32_rms,fine,-0.44332827965938243,2.4068333559961157e-05
8,k8_dit_flow_joint7_mean_abs,k8_prefix_joint_delta_mean,0.442462286119267,2.5072782660005703e-05
16,k16_dit_flow_delta_all32_rms,k8_pred_motion_h8,0.44234079173838214,2.5216791570177048e-05
16,k16_dit_flow_gripper_max_abs,fine,-0.44179770705117405,2.5870007266730232e-05
8,k8_dit_flow_gripper_rms,fine,-0.44109488782230744,2.6738804731744113e-05
8,k8_dit_flow_action8_rms,gt_motion_h8,0.43794674496304553,3.0975128141341926e-05
8,k8_dit_flow_action8_max_abs,fine,-0.4378398542788955,3.112939763432677e-05
8,k8_dit_flow_all32_max_abs,fine,-0.43782868224434773,3.114556291201306e-05
1,k1_dit_flow_action8_mean_abs,gt_motion_h8,0.4377037562012758,3.1326857516338913e-05
4,k4_dit_flow_all32_rms,k8_prefix_joint_delta_mean,0.43675205021767743,3.27406376532346e-05
1,k1_dit_flow_joint7_mean_abs,k8_pred_motion_h8,0.4360838311228106,3.3768594548995e-05
8,k8_dit_flow_delta_joint7_rms,k2_prefix_joint_delta_mean,0.4347676419965577,3.588192220050979e-05
2,k2_dit_flow_delta_joint7_rms,k8_prefix_joint_delta_mean,0.43450440417130715,3.631910992864224e-05
16,k16_dit_flow_joint7_mean_abs,k4_prefix_joint_delta_mean,0.43233775437885996,4.0110707521875337e-05
8,k8_dit_flow_delta_gripper_rms,k2_pred_motion_h8,-0.42946238736458436,4.571313656112497e-05
4,k4_dit_flow_action8_mean_abs,fine,-0.4276945367998576,4.9510554380687365e-05
8,k8_dit_flow_delta_all32_rms,k8_prefix_joint_delta_mean,0.4255745671762681,5.445084982608744e-05
1,k1_dit_flow_all32_rms,k2_prefix_joint_delta_mean,0.42533157841449837,5.5045481538648385e-05
16,k16_dit_flow_delta_joint7_rms,k4_prefix_joint_delta_mean,0.4248456008909588,5.625289924036968e-05
4,k4_dit_flow_all32_mean_abs,fine,-0.4243444490442452,5.752376853786183e-05
16,k16_dit_flow_all32_mean_abs,fine,-0.4243444490442452,5.752376853786183e-05
2,k2_dit_flow_joint7_mean_abs,gt_motion_h8,0.4193581046876582,7.170618308718867e-05
16,k16_dit_flow_delta_action8_rms,fine,0.4187609694515578,7.360680249087518e-05
16,k16_dit_flow_action8_mean_abs,gt_motion_h8,0.4182039080692518,7.542192690326749e-05
1,k1_dit_flow_all32_max_abs,gt_motion_h8,0.418059000825444,7.590085294253549e-05
8,k8_dit_flow_joint7_mean_abs,k4_prefix_joint_delta_mean,0.4166244811177483,8.079666315436583e-05
16,k16_dit_flow_all32_max_abs,fine,-0.41610658920947113,8.263498058939627e-05
16,k16_dit_flow_action8_max_abs,fine,-0.41610658920947113,8.263498058939627e-05
8,k8_dit_flow_all32_max_abs,k2_pred_motion_h8,0.4160584261745644,8.280789795348069e-05
1,k1_dit_flow_all32_max_abs,k4_pred_motion_h8,0.4157976328250541,8.375005446022358e-05
16,k16_dit_flow_delta_all32_rms,k4_pred_motion_h8,0.4155917788802268,8.450074414902707e-05
1,k1_dit_flow_action8_mean_abs,k8_pred_motion_h8,0.41346562721474134,9.262777818901047e-05
8,k8_dit_flow_delta_all32_rms,fine,0.4109440980217953,0.00010320326927693489
8,k8_dit_flow_action8_rms,k2_prefix_joint_delta_mean,0.40907158043940467,0.00011176870892963081
8,k8_dit_flow_delta_action8_rms,k4_prefix_joint_delta_mean,0.40864635010630757,0.00011380339255978746
8,k8_dit_flow_action8_mean_abs,k4_prefix_joint_delta_mean,0.4076338969322669,0.0001187866667094892
8,k8_dit_flow_action8_mean_abs,fine,-0.40759401026618286,0.00011898706133534917
1,k1_dit_flow_action8_max_abs,gt_motion_h8,0.4074042831722688,0.00011994455967387719
1,k1_dit_flow_joint7_rms,k2_prefix_joint_delta_mean,0.40362458236306575,0.00014056986979062738
8,k8_dit_flow_action8_max_abs,k2_pred_motion_h8,0.4035449873693716,0.0001410375010098703
8,k8_dit_flow_joint7_mean_abs,gt_motion_h8,0.4021261516654855,0.0001496183876666751
4,k4_dit_flow_delta_joint7_rms,gt_motion_h8,0.4015794269515035,0.0001530517415704152
8,k8_dit_flow_action8_rms,fine,-0.40089383475495793,0.00015746001336568099
2,k2_dit_flow_action8_max_abs,gt_motion_h8,0.40060222266719897,0.00015937035116229438
8,k8_dit_flow_all32_max_abs,k4_pred_motion_h8,0.3999361494535875,0.0001638143234943548
8,k8_dit_flow_action8_mean_abs,k8_prefix_joint_delta_mean,0.3995545206034221,0.0001664117934379026
16,k16_dit_flow_delta_all32_rms,fine,-0.396427051080808,0.00018917555672425386
4,k4_dit_flow_all32_mean_abs,k8_prefix_joint_delta_mean,0.39601093449427965,0.00019241195201117697
4,k4_dit_flow_action8_rms,k2_prefix_joint_delta_mean,0.3959096891768756,0.00019320708536165252
16,k16_dit_flow_delta_all32_rms,gt_motion_h8,0.3957071985420675,0.00019480645097072556
4,k4_dit_flow_delta_gripper_rms,fine,0.3953103551622705,0.00019797637316693118
1,k1_dit_flow_joint7_mean_abs,gt_motion_h8,0.39386453376531333,0.00020993200533213558
4,k4_dit_flow_joint7_rms,k8_prefix_joint_delta_mean,0.39345955249569714,0.00021339818243771755
2,k2_dit_flow_action8_max_abs,k4_pred_motion_h8,0.392676730266416,0.00022024820195743895
4,k4_dit_flow_action8_rms,k4_prefix_joint_delta_mean,0.3915561405285006,0.00023040686087674647
8,k8_dit_flow_all32_max_abs,k8_pred_motion_h8,0.39140740407597124,0.00023178719874566878
8,k8_dit_flow_delta_gripper_rms,k4_pred_motion_h8,-0.39062468360838315,0.00023917751370234065
2,k2_dit_flow_all32_rms,k4_prefix_joint_delta_mean,0.3896324794978232,0.0002488575272657621
1,k1_dit_flow_action8_max_abs,k4_pred_motion_h8,0.3867907215075295,0.0002786127400950233
4,k4_dit_flow_delta_all32_rms,k8_prefix_joint_delta_mean,0.3859673990077959,0.00028782559088780187
2,k2_dit_flow_all32_mean_abs,k2_prefix_joint_delta_mean,0.3848739495798319,0.00030049428111295084
2,k2_dit_flow_action8_rms,k2_prefix_joint_delta_mean,0.38483345145287035,0.0003009731872357123
16,k16_dit_flow_all32_rms,fine,-0.3830267000583581,0.00032306629212808355
16,k16_dit_flow_all32_max_abs,k4_pred_motion_h8,0.38297300207666646,0.00032374514719413124
16,k16_dit_flow_action8_max_abs,k4_pred_motion_h8,0.38297300207666646,0.00032374514719413124
2,k2_dit_flow_all32_max_abs,k8_pred_motion_h8,0.3821328990375428,0.00033453784547337456
8,k8_dit_flow_action8_max_abs,k4_pred_motion_h8,0.3817803749815886,0.0003391643056176374
2,k2_dit_flow_delta_all32_rms,k2_prefix_joint_delta_mean,0.37918396274172317,0.00037509125379087084
16,k16_dit_flow_action8_max_abs,k8_pred_motion_h8,0.3785513134156642,0.00038435877550668655
16,k16_dit_flow_all32_max_abs,k8_pred_motion_h8,0.3785513134156642,0.00038435877550668655
2,k2_dit_flow_joint7_rms,k4_prefix_joint_delta_mean,0.37655158448921744,0.00041505086090480516
8,k8_dit_flow_action8_max_abs,k8_pred_motion_h8,0.3727024679931297,0.00048053500883201436
16,k16_dit_flow_all32_max_abs,k2_pred_motion_h8,0.37262868456698234,0.0004818778861802518
16,k16_dit_flow_action8_max_abs,k2_pred_motion_h8,0.37262868456698234,0.0004818778861802518
16,k16_dit_flow_delta_all32_rms,k2_pred_motion_h8,0.3711653336033208,0.0005092310596446593
4,k4_dit_flow_joint7_mean_abs,gt_motion_h8,0.37039586919104994,0.0005241770596613586
2,k2_dit_flow_all32_rms,fine,-0.36962634903590824,0.0005395244114294913
8,k8_dit_flow_gripper_mean_abs,fine,-0.3685115186253761,0.0005624882458504319
4,k4_dit_flow_all32_max_abs,k2_pred_motion_h8,0.3668537452963766,0.0005982910713733319
16,k16_dit_flow_delta_joint7_rms,k2_pred_motion_h8,0.36612331679659815,0.0006147169826915093
1,k1_dit_flow_gripper_max_abs,gt_motion_h8,0.3646180070367866,0.0006498745656897488
8,k8_dit_flow_delta_joint7_rms,k2_pred_motion_h8,0.3645641389085755,0.0006511660478330718
1,k1_dit_flow_gripper_rms,k2_pred_motion_h8,0.36363268198845805,0.0006738712866966468
2,k2_dit_flow_gripper_rms,k2_pred_motion_h8,0.36272147413182143,0.0006967796418466355
4,k4_dit_flow_delta_joint7_rms,k2_pred_motion_h8,0.35844892173736964,0.0008139643918875194
1,k1_dit_flow_joint7_rms,k4_prefix_joint_delta_mean,0.35705173635719345,0.000856014113915936
8,k8_dit_flow_delta_gripper_rms,k8_pred_motion_h8,-0.35595828692922954,0.0008902912911530735
1,k1_dit_flow_gripper_max_abs,k2_pred_motion_h8,0.35595134789424254,0.0008905127454996801
2,k2_dit_flow_delta_gripper_rms,k4_pred_motion_h8,-0.35344740305760863,0.0009737762160747352
1,k1_dit_flow_gripper_rms,gt_motion_h8,0.35292092740710745,0.000992158856753043
2,k2_dit_flow_joint7_rms,k8_prefix_joint_delta_mean,0.3520704667409133,0.0010225209183226981
8,k8_dit_flow_delta_all32_rms,k4_prefix_joint_delta_mean,0.3518477270426243,0.001030611136586548
4,k4_dit_flow_action8_mean_abs,gt_motion_h8,0.35150349296345046,0.0010432286063164259
1,k1_dit_flow_all32_rms,k4_prefix_joint_delta_mean,0.35012655664675507,0.0010951135842512062
4,k4_dit_flow_delta_gripper_rms,k8_pred_motion_h8,-0.3499645641389086,0.0011013692263530702
4,k4_dit_flow_delta_action8_rms,k8_pred_motion_h8,0.34905335628227196,0.0011371654775825498
2,k2_dit_flow_gripper_max_abs,gt_motion_h8,0.3476279878945307,0.001195281091509207
2,k2_dit_flow_gripper_max_abs,k2_pred_motion_h8,0.34582386573448565,0.0012726963133414906
1,k1_dit_flow_all32_max_abs,k8_pred_motion_h8,0.34573578746768274,0.00127658953976568
4,k4_dit_flow_action8_max_abs,k2_pred_motion_h8,0.34412434011332055,0.0013497496837295991
8,k8_dit_flow_joint7_mean_abs,fine,-0.34394234290954606,0.0013582465836497865
2,k2_dit_flow_delta_gripper_rms,k2_pred_motion_h8,-0.34273564847625804,0.0014158193003578996
2,k2_dit_flow_gripper_rms,gt_motion_h8,0.3397387870810975,0.0015684747065626864
8,k8_dit_flow_action8_mean_abs,gt_motion_h8,0.33842259795484464,0.0016401013540692723
16,k16_dit_flow_joint7_mean_abs,fine,-0.33835886331685866,0.0016436435990160132
16,k16_dit_flow_gripper_max_abs,k8_pred_motion_h8,0.336781581439233,0.0017335367307092554
16,k16_dit_flow_action8_mean_abs,k2_prefix_joint_delta_mean,0.3359927103371469,0.00178014052411291
1,k1_dit_flow_action8_rms,k2_prefix_joint_delta_mean,0.335223245924876,0.0018266837650289724
1,k1_dit_flow_gripper_mean_abs,k2_pred_motion_h8,0.33501232668408754,0.0018396320326865049
16,k16_dit_flow_action8_rms,fine,-0.3350087755612462,0.0018398507417373329
1,k1_dit_flow_all32_mean_abs,k2_prefix_joint_delta_mean,0.334676521210894,0.0018604178861695542
4,k4_dit_flow_joint7_rms,fine,-0.33277538372417126,0.0019821396153384624
8,k8_dit_flow_joint7_mean_abs,k2_prefix_joint_delta_mean,0.33232762984711955,0.0020118313528201945
2,k2_dit_flow_all32_mean_abs,k4_prefix_joint_delta_mean,0.3320846410853498,0.0020281117177481413
1,k1_dit_flow_gripper_max_abs,k4_pred_motion_h8,0.3314008818787551,0.0020745625370633385
8,k8_dit_flow_delta_joint7_rms,gt_motion_h8,0.3302622253720765,0.0021540457700717666
16,k16_dit_flow_delta_joint7_rms,k2_prefix_joint_delta_mean,0.3295737572137289,0.002203422932471338
16,k16_dit_flow_joint7_mean_abs,k2_prefix_joint_delta_mean,0.3290270324997469,0.0022433569637462236
4,k4_dit_flow_all32_max_abs,k4_pred_motion_h8,0.32848962264876364,0.0022832437404682417
2,k2_dit_flow_gripper_max_abs,k4_pred_motion_h8,0.3272758682463816,0.0023756847604642158
8,k8_dit_flow_all32_mean_abs,fine,-0.3271919041314838,0.002382202238233126
2,k2_dit_flow_gripper_mean_abs,k2_pred_motion_h8,0.3267996355168573,0.002412864337868549
1,k1_dit_flow_joint7_rms,fine,-0.3260752082129463,0.002470423369581062
8,k8_dit_flow_delta_action8_rms,k8_pred_motion_h8,0.32485572542269925,0.0025701067377498885
16,k16_dit_flow_all32_max_abs,gt_motion_h8,0.3241422316122769,0.0026300893549450924
16,k16_dit_flow_action8_max_abs,gt_motion_h8,0.3241422316122769,0.0026300893549450924
2,k2_dit_flow_gripper_rms,k4_pred_motion_h8,0.32402551381998584,0.002640020341265019
16,k16_dit_flow_joint7_rms,fine,-0.3238418163758713,0.0026557184724912953
4,k4_dit_flow_all32_rms,fine,-0.3238418163758713,0.0026557184724912953
1,k1_dit_flow_gripper_mean_abs,gt_motion_h8,0.32317668916425624,0.002713260767951007
1,k1_dit_flow_gripper_rms,k4_pred_motion_h8,0.3222233471701934,0.0027976875937835914
16,k16_dit_flow_action8_mean_abs,fine,-0.3216084245387964,0.00285338615708753
8,k8_dit_flow_joint7_rms,fine,-0.3216084245387964,0.00285338615708753
2,k2_dit_flow_action8_max_abs,k8_pred_motion_h8,0.3203034038802377,0.002974896710228052
4,k4_dit_flow_action8_rms,k8_prefix_joint_delta_mean,0.31973271236205325,0.003029474833115016
1,k1_dit_flow_action8_max_abs,k8_pred_motion_h8,0.31729472954977117,0.0032728628180290257
2,k2_dit_flow_joint7_rms,fine,-0.3160249449461089,0.0034064283404909097
2,k2_dit_flow_all32_max_abs,k2_prefix_joint_delta_mean,0.3154114426493658,0.0034726894486867854
16,k16_dit_flow_delta_gripper_rms,gt_motion_h8,-0.31448820492052243,0.0035745742575286755
16,k16_dit_flow_gripper_max_abs,k4_pred_motion_h8,0.312251316000026,0.003832577467680329
4,k4_dit_flow_joint7_mean_abs,fine,-0.3115581612719589,0.003915829253832903
16,k16_dit_flow_gripper_max_abs,k4_prefix_joint_delta_mean,0.30976685339870075,0.00413848911688694
16,k16_dit_flow_delta_action8_rms,k8_prefix_joint_delta_mean,0.3080490027336236,0.004362538039062121
4,k4_dit_flow_joint7_mean_abs,k2_prefix_joint_delta_mean,0.3074820289561608,0.004438818633485394
1,k1_dit_flow_joint7_rms,k8_prefix_joint_delta_mean,0.30717829300394855,0.004480169302153259
2,k2_dit_flow_gripper_mean_abs,gt_motion_h8,0.3066315682899666,0.004555464501162992
4,k4_dit_flow_all32_max_abs,k8_pred_motion_h8,0.3051335691842614,0.004767565545159073
4,k4_dit_flow_action8_max_abs,k4_pred_motion_h8,0.3040070079103936,0.004932807714066416
16,k16_dit_flow_gripper_rms,k4_prefix_joint_delta_mean,0.30379669940265264,0.004964212474377815
4,k4_dit_flow_action8_mean_abs,k4_prefix_joint_delta_mean,0.30221727245114915,0.005205790066784286
2,k2_dit_flow_joint7_mean_abs,fine,-0.2981578102495091,0.005875172864458398
16,k16_dit_flow_delta_all32_rms,k4_prefix_joint_delta_mean,0.29604130808950085,0.0062535051127831235
2,k2_dit_flow_action8_rms,k4_prefix_joint_delta_mean,0.29247747291687765,0.006939351051568342
16,k16_dit_flow_action8_max_abs,k8_prefix_joint_delta_mean,0.29207484733225625,0.007020857551198623
16,k16_dit_flow_all32_max_abs,k8_prefix_joint_delta_mean,0.29207484733225625,0.007020857551198623
4,k4_dit_flow_action8_mean_abs,k2_prefix_joint_delta_mean,0.2919307482028956,0.00705023298841494
1,k1_dit_flow_all32_mean_abs,k4_prefix_joint_delta_mean,0.2900273362356991,0.007448543658322163
16,k16_dit_flow_gripper_max_abs,gt_motion_h8,0.2897289019692369,0.00751275848588164
8,k8_dit_flow_action8_mean_abs,k2_prefix_joint_delta_mean,0.28767844487192473,0.007967285167374322
8,k8_dit_flow_delta_action8_rms,k2_prefix_joint_delta_mean,0.28476257973068747,0.008655224381295646
4,k4_dit_flow_joint7_mean_abs,k4_prefix_joint_delta_mean,0.28403361344537814,0.00883514499214099
1,k1_dit_flow_gripper_max_abs,k8_pred_motion_h8,0.2808909842094018,0.009648872304273783
4,k4_dit_flow_action8_max_abs,k8_pred_motion_h8,0.2807806487845418,0.009678595710285794
16,k16_dit_flow_action8_max_abs,k4_prefix_joint_delta_mean,0.2802194481471379,0.009831021565189483
16,k16_dit_flow_all32_max_abs,k4_prefix_joint_delta_mean,0.2802194481471379,0.009831021565189483
2,k2_dit_flow_all32_rms,k8_prefix_joint_delta_mean,0.2783841247342311,0.010344264815747049
2,k2_dit_flow_gripper_max_abs,k8_pred_motion_h8,0.27835172405234987,0.010353531937537467
8,k8_dit_flow_delta_gripper_rms,k4_prefix_joint_delta_mean,-0.2774324187506328,0.010619507421910798
16,k16_dit_flow_gripper_max_abs,k2_pred_motion_h8,0.275450847509376,0.011213180617447274
2,k2_dit_flow_delta_action8_rms,k8_prefix_joint_delta_mean,0.27516452364078164,0.011301311170813594
1,k1_dit_flow_gripper_mean_abs,k4_pred_motion_h8,0.27506467077739705,0.011332187554694714
4,k4_dit_flow_joint7_mean_abs,k8_prefix_joint_delta_mean,0.27471904424420374,0.011439630080084483
2,k2_dit_flow_gripper_mean_abs,k4_pred_motion_h8,0.27461779892679966,0.01147127110030895
2,k2_dit_flow_action8_mean_abs,k2_prefix_joint_delta_mean,0.27417231953022175,0.011611399011850718
2,k2_dit_flow_delta_gripper_rms,k8_pred_motion_h8,-0.2737875873240863,0.011733615836845172
8,k8_dit_flow_all32_max_abs,gt_motion_h8,0.27326547466160034,0.011901264329847795
8,k8_dit_flow_all32_max_abs,k4_prefix_joint_delta_mean,0.2725640641359084,0.012129763815852774
1,k1_dit_flow_joint7_mean_abs,fine,-0.27024041228607193,0.012914222511644079
1,k1_dit_flow_action8_rms,k4_prefix_joint_delta_mean,0.2700820087070973,0.01296926773417086
2,k2_dit_flow_delta_gripper_rms,fine,0.2668903245304594,0.014122599919429485
2,k2_dit_flow_gripper_rms,k8_pred_motion_h8,0.2662144375822618,0.0143779234823036
8,k8_dit_flow_gripper_max_abs,k4_prefix_joint_delta_mean,0.2658345892372409,0.014523161767986867
4,k4_dit_flow_joint7_max_abs,k2_pred_motion_h8,0.264766080224209,0.014938544520668447
8,k8_dit_flow_action8_max_abs,gt_motion_h8,0.2641945405633322,0.015164918639291662
1,k1_dit_flow_gripper_rms,k8_pred_motion_h8,0.2634403158853903,0.015468184026327818
4,k4_dit_flow_action8_mean_abs,k8_prefix_joint_delta_mean,0.26271134960008097,0.015766257520205426
2,k2_dit_flow_delta_joint7_rms,fine,-0.26242354085630953,0.01588530035940135
2,k2_dit_flow_delta_action8_rms,k4_pred_motion_h8,0.26070669231548044,0.01661165989830572
4,k4_dit_flow_delta_action8_rms,k2_prefix_joint_delta_mean,0.25916776349093856,0.01728689848630148
16,k16_dit_flow_joint7_max_abs,k2_pred_motion_h8,0.25906888614467566,0.017331079505785878
4,k4_dit_flow_delta_action8_rms,k4_pred_motion_h8,0.2589652728561304,0.017377480924741805
8,k8_dit_flow_action8_max_abs,k4_prefix_joint_delta_mean,0.2581256598554824,0.017757446722928453
8,k8_dit_flow_delta_action8_rms,fine,0.25795675718215955,0.017834740720479445
16,k16_dit_flow_gripper_max_abs,k8_prefix_joint_delta_mean,0.25615316452847026,0.018678313059730847
8,k8_dit_flow_gripper_max_abs,k8_pred_motion_h8,0.25490681655435943,0.01928107371331933
16,k16_dit_flow_gripper_rms,k8_prefix_joint_delta_mean,0.25453072795383214,0.01946620388596541
16,k16_dit_flow_delta_gripper_rms,k2_pred_motion_h8,-0.25248557254226994,0.02049983782420816
2,k2_dit_flow_delta_action8_rms,k8_pred_motion_h8,0.25197934595524957,0.020762823598481393
2,k2_dit_flow_delta_action8_rms,k4_prefix_joint_delta_mean,0.24979244709932166,0.02193234924989782
2,k2_dit_flow_delta_action8_rms,k2_pred_motion_h8,0.2411258479295333,0.027136191277930457
2,k2_dit_flow_joint7_mean_abs,k8_prefix_joint_delta_mean,0.24098410448516758,0.027229319127181333
16,k16_dit_flow_action8_max_abs,k2_prefix_joint_delta_mean,0.24088061714707468,0.02729748291421261
16,k16_dit_flow_all32_max_abs,k2_prefix_joint_delta_mean,0.24088061714707468,0.02729748291421261
4,k4_dit_flow_all32_max_abs,gt_motion_h8,0.2406781826315927,0.02743123792730405
16,k16_dit_flow_gripper_mean_abs,k4_prefix_joint_delta_mean,0.23877695656575884,0.028714743086684088
8,k8_dit_flow_gripper_rms,k4_prefix_joint_delta_mean,0.23818973372481525,0.02912129023730845
4,k4_dit_flow_gripper_max_abs,k2_pred_motion_h8,0.23668014321999267,0.03018878559370642
8,k8_dit_flow_gripper_max_abs,k4_pred_motion_h8,0.23372218560447566,0.032376341433530235
16,k16_dit_flow_gripper_rms,k4_pred_motion_h8,0.23302622253720767,0.032909975218195615
16,k16_dit_flow_delta_all32_rms,k8_prefix_joint_delta_mean,0.2322365090614559,0.03352442463974204
1,k1_dit_flow_action8_mean_abs,k2_prefix_joint_delta_mean,0.2314467955857042,0.03414847745257495
4,k4_dit_flow_gripper_max_abs,k4_pred_motion_h8,0.23140749033201666,0.03417979041508074
4,k4_dit_flow_gripper_max_abs,k8_pred_motion_h8,0.23067602403541884,0.03476693046064867
8,k8_dit_flow_gripper_max_abs,k2_pred_motion_h8,0.2298796757680764,0.03541573940495176
2,k2_dit_flow_action8_rms,k8_prefix_joint_delta_mean,0.22887516452364076,0.03624857903335589
2,k2_dit_flow_joint7_mean_abs,k2_prefix_joint_delta_mean,0.22887516452364076,0.03624857903335589
4,k4_dit_flow_action8_max_abs,gt_motion_h8,0.22823660429974488,0.036786480034921194
16,k16_dit_flow_delta_joint7_rms,gt_motion_h8,0.22589855219196114,0.0388132497909653
2,k2_dit_flow_joint7_mean_abs,k4_prefix_joint_delta_mean,0.22535182747797916,0.03930038433858759
8,k8_dit_flow_all32_max_abs,k8_prefix_joint_delta_mean,0.22346532733747337,0.041020553830834285
4,k4_dit_flow_delta_all32_rms,fine,0.22333918370749745,0.04113777456033788
4,k4_dit_flow_delta_gripper_rms,k2_prefix_joint_delta_mean,-0.22229421889237624,0.04211957353072606
4,k4_dit_flow_gripper_rms,k2_pred_motion_h8,0.2222537207654146,0.04215801197547941
2,k2_dit_flow_all32_mean_abs,k8_prefix_joint_delta_mean,0.22073504100435354,0.04362062277856673
8,k8_dit_flow_gripper_mean_abs,k4_prefix_joint_delta_mean,0.22062478801937052,0.04372842310786653
16,k16_dit_flow_gripper_rms,k8_pred_motion_h8,0.21852789308494483,0.0458210705368499
8,k8_dit_flow_joint7_max_abs,k2_pred_motion_h8,0.21742045442985714,0.046959261230348916
16,k16_dit_flow_gripper_mean_abs,k8_prefix_joint_delta_mean,0.215024805102764,0.04950142089000869
1,k1_dit_flow_all32_rms,k8_prefix_joint_delta_mean,0.21310114407208666,0.051623812161613845
2,k2_dit_flow_joint7_max_abs,k2_pred_motion_h8,0.2128319954931048,0.051926640003082655
2,k2_dit_flow_gripper_mean_abs,k8_pred_motion_h8,0.21265566467550875,0.052125825251723025
8,k8_dit_flow_gripper_rms,k8_pred_motion_h8,0.2122709324693733,0.05256260072387906
4,k4_dit_flow_gripper_rms,k4_pred_motion_h8,0.2111369849144477,0.05386743693028003
4,k4_dit_flow_gripper_max_abs,gt_motion_h8,0.21026608250951576,0.05488750585149677
1,k1_dit_flow_gripper_mean_abs,k8_pred_motion_h8,0.21023696586766233,0.05492188076598384
8,k8_dit_flow_all32_rms,fine,-0.20993883268504762,0.05527486963924478
16,k16_dit_flow_gripper_max_abs,k2_prefix_joint_delta_mean,0.2086441551929246,0.056829357852324375
4,k4_dit_flow_gripper_max_abs,k4_prefix_joint_delta_mean,0.20800056884088636,0.05761527904521742
8,k8_dit_flow_action8_max_abs,k8_prefix_joint_delta_mean,0.2067689004986024,0.05914406611033266
2,k2_dit_flow_action8_mean_abs,k4_prefix_joint_delta_mean,0.2059127265363977,0.060226123905163104
2,k2_dit_flow_action8_max_abs,k2_prefix_joint_delta_mean,0.20486688412970275,0.06156969018172473
2,k2_dit_flow_delta_all32_rms,k2_pred_motion_h8,0.20457628834666397,0.061947304135694894
16,k16_dit_flow_gripper_rms,k2_prefix_joint_delta_mean,0.20380682393439303,0.06295627459223066
4,k4_dit_flow_gripper_rms,k8_pred_motion_h8,0.203158853903007,0.06381623990588234
16,k16_dit_flow_joint7_max_abs,k4_pred_motion_h8,0.20284999563523895,0.06422948520531509
1,k1_dit_flow_action8_mean_abs,k4_prefix_joint_delta_mean,0.1986635618102663,0.07004767229328386
1,k1_dit_flow_joint7_mean_abs,k8_prefix_joint_delta_mean,0.1971043839222436,0.07232017565687207
8,k8_dit_flow_all32_max_abs,k2_prefix_joint_delta_mean,0.19459567671479114,0.07610062725610087
8,k8_dit_flow_gripper_rms,k2_pred_motion_h8,0.1930950693530424,0.07843652708409073
8,k8_dit_flow_gripper_max_abs,gt_motion_h8,0.1917900346120234,0.08051424141473648
4,k4_dit_flow_all32_max_abs,k4_prefix_joint_delta_mean,0.1910173358224377,0.0817649692631411
2,k2_dit_flow_delta_all32_rms,k4_pred_motion_h8,0.19080692517971043,0.08210821657129906
8,k8_dit_flow_gripper_rms,k4_pred_motion_h8,0.1899159663865546,0.08357438610383751
16,k16_dit_flow_delta_all32_rms,k2_prefix_joint_delta_mean,0.18785056191151162,0.08705329597196008
16,k16_dit_flow_joint7_max_abs,k8_pred_motion_h8,0.18721731442131556,0.08814259694252623
16,k16_dit_flow_gripper_mean_abs,k2_prefix_joint_delta_mean,0.18633188215045055,0.08968375630898627
1,k1_dit_flow_action8_rms,k8_prefix_joint_delta_mean,0.1854206742938139,0.09129193490840763
4,k4_dit_flow_gripper_rms,gt_motion_h8,0.18533967803989068,0.0914359782809197
16,k16_dit_flow_delta_gripper_rms,k4_pred_motion_h8,-0.18317302824744358,0.09535611175796364
2,k2_dit_flow_gripper_mean_abs,k2_prefix_joint_delta_mean,0.18272754885086565,0.09617825993802842
8,k8_dit_flow_delta_action8_rms,k4_pred_motion_h8,0.18228206945428774,0.0970059656674535
2,k2_dit_flow_action8_mean_abs,k8_prefix_joint_delta_mean,0.18201883162903718,0.09749768609900947
1,k1_dit_flow_joint7_mean_abs,k4_prefix_joint_delta_mean,0.18185683912119066,0.09780125385125157
2,k2_dit_flow_delta_all32_rms,k8_pred_motion_h8,0.18177584286726736,0.09795331546136363
4,k4_dit_flow_gripper_mean_abs,k2_pred_motion_h8,0.1815954398740424,0.09829266868235445
16,k16_dit_flow_gripper_mean_abs,k4_pred_motion_h8,0.1812493672167662,0.0989462397184263
2,k2_dit_flow_all32_max_abs,k4_prefix_joint_delta_mean,0.18055949273567423,0.10025924766945321
4,k4_dit_flow_joint7_max_abs,k4_pred_motion_h8,0.17953045410658747,0.10224306125524758
2,k2_dit_flow_gripper_rms,k2_prefix_joint_delta_mean,0.17898147210691506,0.10331387627848415
1,k1_dit_flow_all32_max_abs,k2_prefix_joint_delta_mean,0.1771878164610436,0.10687357369165319
8,k8_dit_flow_action8_max_abs,k2_prefix_joint_delta_mean,0.17669896895116552,0.10786009878164982
8,k8_dit_flow_joint7_max_abs,k8_prefix_joint_delta_mean,0.1751664909227264,0.11099864254466257
4,k4_dit_flow_gripper_mean_abs,k4_pred_motion_h8,0.17290850368916683,0.11575141854048876
8,k8_dit_flow_delta_gripper_rms,k2_prefix_joint_delta_mean,-0.17288650399919006,0.11579848540362417
8,k8_dit_flow_joint7_max_abs,k4_pred_motion_h8,0.17203544182831312,0.11763063503521595
8,k8_dit_flow_delta_all32_rms,k8_pred_motion_h8,0.1700516351118761,0.12198796816535155
4,k4_dit_flow_action8_max_abs,k4_prefix_joint_delta_mean,0.16948937283299984,0.12324520044446814
1,k1_dit_flow_joint7_max_abs,k2_pred_motion_h8,0.1684229850864805,0.12565691839685295
2,k2_dit_flow_gripper_max_abs,k2_prefix_joint_delta_mean,0.16690157083967685,0.1291599808110239
16,k16_dit_flow_delta_action8_rms,k4_prefix_joint_delta_mean,0.166143565860079,0.13093284580405512
8,k8_dit_flow_joint7_max_abs,k8_pred_motion_h8,0.164901918972433,0.1338768206544567
16,k16_dit_flow_gripper_mean_abs,k8_pred_motion_h8,0.163308696972765,0.13772767506760988
16,k16_dit_flow_gripper_rms,k2_pred_motion_h8,0.16278222132226386,0.13901843093138905
1,k1_dit_flow_joint7_mean_abs,k2_prefix_joint_delta_mean,0.16004859775235397,0.14586782566791456
16,k16_dit_flow_joint7_max_abs,k8_prefix_joint_delta_mean,0.15992344326751806,0.14618737664835954
1,k1_dit_flow_gripper_rms,k2_prefix_joint_delta_mean,0.1595221221018528,0.14721559740238557
4,k4_dit_flow_gripper_mean_abs,gt_motion_h8,0.15923012281997465,0.14796712997420478
1,k1_dit_flow_all32_mean_abs,k8_prefix_joint_delta_mean,0.15763895919813709,0.1521130183357425
1,k1_dit_flow_gripper_mean_abs,k2_prefix_joint_delta_mean,0.15732589514170983,0.15293884951058356
1,k1_dit_flow_action8_max_abs,k2_prefix_joint_delta_mean,0.15638119112408913,0.15545117561376717
4,k4_dit_flow_gripper_mean_abs,k8_pred_motion_h8,0.15611173547155774,0.15617336532398543
16,k16_dit_flow_gripper_rms,gt_motion_h8,0.1543383618507644,0.16098876698850045
1,k1_dit_flow_action8_mean_abs,k8_prefix_joint_delta_mean,0.15091627012250686,0.17059082299031275
4,k4_dit_flow_gripper_mean_abs,k4_prefix_joint_delta_mean,0.1506241837090839,0.17142948614552894
8,k8_dit_flow_gripper_mean_abs,k8_pred_motion_h8,0.14947934332146237,0.17474586438222683
4,k4_dit_flow_gripper_rms,k4_prefix_joint_delta_mean,0.14648172522020855,0.18365162096651036
1,k1_dit_flow_gripper_max_abs,k2_prefix_joint_delta_mean,0.14495114121447966,0.18832413164556266
2,k2_dit_flow_gripper_max_abs,k4_prefix_joint_delta_mean,0.14433990832136018,0.19021393189564256
16,k16_dit_flow_delta_action8_rms,gt_motion_h8,-0.14354561101549052,0.19269015969183445
2,k2_dit_flow_joint7_max_abs,k4_pred_motion_h8,0.14315207776901637,0.1939255807933197
16,k16_dit_flow_delta_action8_rms,k8_pred_motion_h8,0.14210792750835277,0.19723112644564803
16,k16_dit_flow_gripper_rms,fine,-0.1395869898171859,0.20537825988468128
8,k8_dit_flow_gripper_max_abs,k8_prefix_joint_delta_mean,0.13807621986193427,0.21037431071380291
4,k4_dit_flow_delta_all32_rms,k8_pred_motion_h8,0.13716715601903415,0.21342182330665593
8,k8_dit_flow_gripper_mean_abs,k8_prefix_joint_delta_mean,0.13557829087088205,0.21882311735049237
8,k8_dit_flow_gripper_rms,gt_motion_h8,0.1348385137187405,0.22137057259339343
8,k8_dit_flow_gripper_mean_abs,k4_pred_motion_h8,0.13433296716263635,0.22312339932763353
8,k8_dit_flow_delta_joint7_rms,fine,0.13400351022449847,0.22427092244406524
8,k8_dit_flow_delta_gripper_rms,k8_prefix_joint_delta_mean,-0.1336235699098917,0.22559941647504086
2,k2_dit_flow_delta_all32_rms,k8_prefix_joint_delta_mean,0.13261111673585096,0.2291664448106316
1,k1_dit_flow_gripper_max_abs,k4_prefix_joint_delta_mean,0.13243263356413823,0.22979933082730972
8,k8_dit_flow_gripper_mean_abs,k2_pred_motion_h8,0.13102222852364162,0.23484344420064962
16,k16_dit_flow_gripper_mean_abs,k2_pred_motion_h8,0.13064695757821201,0.23619841114820908
8,k8_dit_flow_delta_all32_rms,k2_prefix_joint_delta_mean,0.1287637946744963,0.24307974201344515
4,k4_dit_flow_delta_action8_rms,k2_pred_motion_h8,0.12829806621443757,0.2448026956733308
16,k16_dit_flow_delta_gripper_rms,k8_pred_motion_h8,-0.12821706996051435,0.24510319640265277
1,k1_dit_flow_joint7_max_abs,k4_pred_motion_h8,0.12781811801722062,0.24658703764451015
2,k2_dit_flow_delta_all32_rms,k4_prefix_joint_delta_mean,0.12461273666092945,0.25873323745392424
2,k2_dit_flow_joint7_max_abs,k8_pred_motion_h8,0.12335941196613212,0.2635913176057239
16,k16_dit_flow_delta_gripper_rms,k2_prefix_joint_delta_mean,-0.12076541459957478,0.27384123942501415
1,k1_dit_flow_all32_max_abs,k4_prefix_joint_delta_mean,0.1195178621192617,0.2788647853852879
8,k8_dit_flow_gripper_mean_abs,gt_motion_h8,0.11724267106898768,0.2881838767080569
8,k8_dit_flow_gripper_rms,k8_prefix_joint_delta_mean,0.11462994836488814,0.2991369350088511
4,k4_dit_flow_all32_max_abs,k2_prefix_joint_delta_mean,0.11404505688195792,0.30162578285359626
1,k1_dit_flow_joint7_max_abs,k2_prefix_joint_delta_mean,-0.11370174065448091,0.30309295660171875
4,k4_dit_flow_delta_action8_rms,gt_motion_h8,0.1115520907158044,0.3123852570970461
1,k1_dit_flow_joint7_max_abs,k8_pred_motion_h8,0.11071012332545203,0.316074512806952
1,k1_dit_flow_gripper_rms,k4_prefix_joint_delta_mean,0.11011440720866661,0.3187016560159544
4,k4_dit_flow_gripper_mean_abs,k2_prefix_joint_delta_mean,0.10876894572741065,0.3246867063888037
2,k2_dit_flow_delta_gripper_rms,k4_prefix_joint_delta_mean,-0.10738078363875671,0.330936463944811
16,k16_dit_flow_gripper_mean_abs,gt_motion_h8,0.10738078363875671,0.330936463944811
1,k1_dit_flow_joint7_max_abs,fine,0.10737798250610112,0.33094915186730456
4,k4_dit_flow_joint7_max_abs,k8_pred_motion_h8,0.10639743474430069,0.3354095827555178
2,k2_dit_flow_gripper_rms,k4_prefix_joint_delta_mean,0.10154905335628227,0.3580193293118096
4,k4_dit_flow_delta_gripper_rms,k4_prefix_joint_delta_mean,-0.10063784549964565,0.36237133185109105
2,k2_dit_flow_action8_max_abs,k4_prefix_joint_delta_mean,0.10058889012502718,0.36260606357789726
2,k2_dit_flow_delta_all32_rms,fine,-0.09938593674983637,0.36840332988216384
1,k1_dit_flow_action8_max_abs,k4_prefix_joint_delta_mean,0.09742011828569334,0.37799803562615586
2,k2_dit_flow_joint7_max_abs,fine,0.09729795526443064,0.37859922878671837
8,k8_dit_flow_gripper_max_abs,k2_prefix_joint_delta_mean,0.09721143271292626,0.3790253760658856
4,k4_dit_flow_action8_max_abs,k2_prefix_joint_delta_mean,0.0953968804551732,0.38802915766251367
2,k2_dit_flow_delta_action8_rms,fine,-0.09380245715714894,0.3960452727315744
2,k2_dit_flow_delta_action8_rms,gt_motion_h8,0.09116128379062469,0.40953796031162304
2,k2_dit_flow_joint7_max_abs,k4_prefix_joint_delta_mean,-0.09003026622121378,0.4153969506148655
8,k8_dit_flow_joint7_max_abs,fine,0.08773260750849916,0.427448006984408
4,k4_dit_flow_all32_max_abs,k8_prefix_joint_delta_mean,0.08487286820557263,0.44272269529203867
2,k2_dit_flow_joint7_max_abs,k2_prefix_joint_delta_mean,-0.0841492487183076,0.44663575404729494
4,k4_dit_flow_gripper_max_abs,k2_prefix_joint_delta_mean,0.08136546624238834,0.4618681507619071
1,k1_dit_flow_joint7_max_abs,k4_prefix_joint_delta_mean,-0.08121987521421135,0.4626725565079923
2,k2_dit_flow_joint7_max_abs,gt_motion_h8,0.07944443471598267,0.4725435076218819
8,k8_dit_flow_delta_all32_rms,k4_pred_motion_h8,0.07814113597246128,0.479861302259149
8,k8_dit_flow_delta_action8_rms,k2_pred_motion_h8,0.07563025210084033,0.4941288133792672
4,k4_dit_flow_joint7_max_abs,k4_prefix_joint_delta_mean,-0.07353880668015216,0.5061808230656513
16,k16_dit_flow_delta_action8_rms,k2_prefix_joint_delta_mean,0.0734028551179508,0.5069694669015327
8,k8_dit_flow_delta_action8_rms,gt_motion_h8,0.06951503492963451,0.5297876864106015
4,k4_dit_flow_action8_max_abs,k8_prefix_joint_delta_mean,0.06677069790733046,0.5461973837938485
8,k8_dit_flow_gripper_mean_abs,k2_prefix_joint_delta_mean,0.06595153362205404,0.5511430246486483
4,k4_dit_flow_delta_action8_rms,fine,0.06365166735663677,0.565142713423049
4,k4_dit_flow_gripper_rms,k2_prefix_joint_delta_mean,0.06364280652019845,0.5651969737213596
4,k4_dit_flow_gripper_mean_abs,k8_prefix_joint_delta_mean,0.06096042280785065,0.5817347444811147
4,k4_dit_flow_joint7_max_abs,fine,0.060421599923694946,0.585083345126522
16,k16_dit_flow_delta_joint7_rms,fine,0.059184883682486825,0.5928021691113203
4,k4_dit_flow_delta_all32_rms,k2_pred_motion_h8,-0.05791232155512808,0.6007922012771746
1,k1_dit_flow_gripper_mean_abs,k4_prefix_joint_delta_mean,0.05758862806911934,0.6028321678373307
16,k16_dit_flow_delta_action8_rms,k4_pred_motion_h8,0.05681887212716413,0.6076955345378343
16,k16_dit_flow_delta_gripper_rms,k8_prefix_joint_delta_mean,0.056575883365394354,0.6092343124100144
2,k2_dit_flow_gripper_mean_abs,k4_prefix_joint_delta_mean,0.05619115115925888,0.6116741825953891
4,k4_dit_flow_gripper_max_abs,k8_prefix_joint_delta_mean,0.053874524595253506,0.6264543993904546
16,k16_dit_flow_delta_gripper_rms,k4_prefix_joint_delta_mean,-0.05183760251088387,0.6395731386042169
2,k2_dit_flow_all32_max_abs,k8_prefix_joint_delta_mean,0.05026917384214061,0.6497507794982682
8,k8_dit_flow_delta_all32_rms,k2_pred_motion_h8,-0.049812696162802476,0.6527250955205651
8,k8_dit_flow_gripper_rms,k2_prefix_joint_delta_mean,0.049427963956667,0.6552361502593875
16,k16_dit_flow_delta_action8_rms,k2_pred_motion_h8,-0.049427963956667,0.6552361502593875
4,k4_dit_flow_gripper_rms,k8_prefix_joint_delta_mean,0.048759744861800146,0.6596065503191827
4,k4_dit_flow_delta_all32_rms,gt_motion_h8,-0.047342310418143164,0.6689147876040611
16,k16_dit_flow_joint7_max_abs,fine,0.0458153896991903,0.678998165893008
2,k2_dit_flow_delta_all32_rms,gt_motion_h8,0.04529715500658095,0.6824334187288993
8,k8_dit_flow_joint7_max_abs,k4_prefix_joint_delta_mean,0.04356110050771104,0.6939880939274342
1,k1_dit_flow_joint7_max_abs,gt_motion_h8,0.04085839396155045,0.7121154501875637
4,k4_dit_flow_delta_joint7_rms,fine,-0.04020105306734955,0.7165490214487635
4,k4_dit_flow_joint7_max_abs,k2_prefix_joint_delta_mean,0.03818458661113156,0.7302075481972081
4,k4_dit_flow_joint7_max_abs,gt_motion_h8,0.037717931195586384,0.733380623700508
16,k16_dit_flow_joint7_max_abs,k4_prefix_joint_delta_mean,0.03716181120717493,0.7371678668473298
2,k2_dit_flow_delta_gripper_rms,k8_prefix_joint_delta_mean,-0.0371367824238129,0.7373384640305916
2,k2_dit_flow_delta_gripper_rms,k2_prefix_joint_delta_mean,-0.03543586109142453,0.7489613766643519
1,k1_dit_flow_gripper_mean_abs,k8_prefix_joint_delta_mean,-0.03332000263281852,0.7634979094060925
4,k4_dit_flow_delta_all32_rms,k4_pred_motion_h8,0.032196010934494285,0.7712538225756328
4,k4_dit_flow_delta_gripper_rms,k8_prefix_joint_delta_mean,0.031872025918801256,0.7734936370153656
1,k1_dit_flow_joint7_max_abs,k8_prefix_joint_delta_mean,0.03171114368770619,0.7746065581174076
8,k8_dit_flow_delta_all32_rms,gt_motion_h8,-0.03043434241166346,0.7834549276908755
2,k2_dit_flow_gripper_mean_abs,k8_prefix_joint_delta_mean,-0.02928014579325706,0.7914773937238171
16,k16_dit_flow_joint7_max_abs,gt_motion_h8,0.023302117169166397,0.8333586819412515
1,k1_dit_flow_action8_max_abs,k8_prefix_joint_delta_mean,-0.021962112427853016,0.8428150956952192
2,k2_dit_flow_action8_max_abs,k8_prefix_joint_delta_mean,-0.01653002315303973,0.8813640376517454
8,k8_dit_flow_joint7_max_abs,gt_motion_h8,-0.010477361694573905,0.9246402278321668
16,k16_dit_flow_gripper_mean_abs,fine,-0.006700175511224923,0.9517664489701737
8,k8_dit_flow_joint7_max_abs,k2_prefix_joint_delta_mean,-0.0064242237082783905,0.9537507519759945
2,k2_dit_flow_gripper_rms,k8_prefix_joint_delta_mean,-0.005386250885896528,0.9612169857268364
1,k1_dit_flow_gripper_rms,k8_prefix_joint_delta_mean,-0.005366001822415713,0.9613626744020188
4,k4_dit_flow_joint7_max_abs,k8_prefix_joint_delta_mean,0.004027439129813823,0.9709959917540306
2,k2_dit_flow_joint7_max_abs,k8_prefix_joint_delta_mean,0.00376182326478999,0.9729081039065348
4,k4_dit_flow_delta_all32_rms,k2_prefix_joint_delta_mean,-0.003320846410853498,0.9760829348441111
1,k1_dit_flow_gripper_max_abs,k8_prefix_joint_delta_mean,-0.003040933032471601,0.9780983787948249
16,k16_dit_flow_joint7_max_abs,k2_prefix_joint_delta_mean,-0.0011853685690402034,0.9914617626560327
1,k1_dit_flow_all32_max_abs,k8_prefix_joint_delta_mean,-0.0006388618117693439,0.9953982023568821
2,k2_dit_flow_gripper_max_abs,k8_prefix_joint_delta_mean,0.0006284021006898625,0.995473544100318
1,k1_dit_flow_delta_all32_rms,gt_motion_h8,,
1,k1_dit_flow_delta_all32_rms,fine,,
1,k1_dit_flow_delta_all32_rms,k2_pred_motion_h8,,
1,k1_dit_flow_delta_all32_rms,k4_pred_motion_h8,,
1,k1_dit_flow_delta_all32_rms,k8_pred_motion_h8,,
1,k1_dit_flow_delta_all32_rms,k2_prefix_joint_delta_mean,,
1,k1_dit_flow_delta_all32_rms,k4_prefix_joint_delta_mean,,
1,k1_dit_flow_delta_all32_rms,k8_prefix_joint_delta_mean,,
1,k1_dit_flow_delta_action8_rms,gt_motion_h8,,
1,k1_dit_flow_delta_action8_rms,fine,,
1,k1_dit_flow_delta_action8_rms,k2_pred_motion_h8,,
1,k1_dit_flow_delta_action8_rms,k4_pred_motion_h8,,
1,k1_dit_flow_delta_action8_rms,k8_pred_motion_h8,,
1,k1_dit_flow_delta_action8_rms,k2_prefix_joint_delta_mean,,
1,k1_dit_flow_delta_action8_rms,k4_prefix_joint_delta_mean,,
1,k1_dit_flow_delta_action8_rms,k8_prefix_joint_delta_mean,,
1,k1_dit_flow_delta_joint7_rms,gt_motion_h8,,
1,k1_dit_flow_delta_joint7_rms,fine,,
1,k1_dit_flow_delta_joint7_rms,k2_pred_motion_h8,,
1,k1_dit_flow_delta_joint7_rms,k4_pred_motion_h8,,
1,k1_dit_flow_delta_joint7_rms,k8_pred_motion_h8,,
1,k1_dit_flow_delta_joint7_rms,k2_prefix_joint_delta_mean,,
1,k1_dit_flow_delta_joint7_rms,k4_prefix_joint_delta_mean,,
1,k1_dit_flow_delta_joint7_rms,k8_prefix_joint_delta_mean,,
1,k1_dit_flow_delta_gripper_rms,gt_motion_h8,,
1,k1_dit_flow_delta_gripper_rms,fine,,
1,k1_dit_flow_delta_gripper_rms,k2_pred_motion_h8,,
1,k1_dit_flow_delta_gripper_rms,k4_pred_motion_h8,,
1,k1_dit_flow_delta_gripper_rms,k8_pred_motion_h8,,
1,k1_dit_flow_delta_gripper_rms,k2_prefix_joint_delta_mean,,
1,k1_dit_flow_delta_gripper_rms,k4_prefix_joint_delta_mean,,
1,k1_dit_flow_delta_gripper_rms,k8_prefix_joint_delta_mean,,
