episode,source,feature_group,event,event_frame,best_frame_within_5,best_score_within_5,score_percentile
1925,gt,joint_position,approach_onset,48,43,0.6380915289843495,0.7678571428571429
1925,gt,joint_position,contact_onset,82,87,0.2922352648783867,0.48214285714285715
1925,gt,joint_position,object_motion_onset,88,88,0.3008297272466648,0.49404761904761907
1925,gt,joint_position,grasp_lift_onset,112,117,0.19130577670170124,0.34523809523809523
1925,gt,joint_position,transport_onset,130,135,1.210263691722263,1.0
1925,gt,joint_position,placement_contact,180,184,0.7859290082995143,0.8511904761904762
1925,gt,joint_position,release_onset,184,184,0.7859290082995143,0.8511904761904762
1925,gt,joint_position,retreat_onset,190,185,0.7609962176886598,0.8392857142857143
1925,gt,joint_d1,approach_onset,48,43,0.9251303667834968,0.5059523809523809
1925,gt,joint_d1,contact_onset,82,87,0.7689060215516801,0.43452380952380953
1925,gt,joint_d1,object_motion_onset,88,93,1.4653240231178566,0.6785714285714286
1925,gt,joint_d1,grasp_lift_onset,112,117,0.867687120365693,0.4880952380952381
1925,gt,joint_d1,transport_onset,130,134,4.424181651677099,1.0
1925,gt,joint_d1,placement_contact,180,184,4.34082573213358,0.9940476190476191
1925,gt,joint_d1,release_onset,184,184,4.34082573213358,0.9940476190476191
1925,gt,joint_d1,retreat_onset,190,185,3.6957956526461566,0.9761904761904762
1925,gt,joint_scalar,approach_onset,48,46,0.810725683827469,0.5416666666666666
1925,gt,joint_scalar,contact_onset,82,85,0.6797126950715209,0.4166666666666667
1925,gt,joint_scalar,object_motion_onset,88,85,0.6797126950715209,0.4166666666666667
1925,gt,joint_scalar,grasp_lift_onset,112,114,2.2028548258278846,0.8928571428571429
1925,gt,joint_scalar,transport_onset,130,135,2.259988546740892,0.8988095238095238
1925,gt,joint_scalar,placement_contact,180,184,3.3273391249217372,0.9880952380952381
1925,gt,joint_scalar,release_onset,184,184,3.3273391249217372,0.9880952380952381
1925,gt,joint_scalar,retreat_onset,190,185,2.723163046319712,0.9464285714285714
1925,gt,joint_dynamics,approach_onset,48,43,1.2527524346684038,0.6071428571428571
1925,gt,joint_dynamics,contact_onset,82,87,0.7556754792091935,0.2976190476190476
1925,gt,joint_dynamics,object_motion_onset,88,93,1.1312668375686714,0.5119047619047619
1925,gt,joint_dynamics,grasp_lift_onset,112,115,1.2285542156252796,0.5773809523809523
1925,gt,joint_dynamics,transport_onset,130,133,4.1098788346012745,1.0
1925,gt,joint_dynamics,placement_contact,180,184,4.1006010509848725,0.9940476190476191
1925,gt,joint_dynamics,release_onset,184,184,4.1006010509848725,0.9940476190476191
1925,gt,joint_dynamics,retreat_onset,190,185,3.0724026649715483,0.9285714285714286
1925,gt,gripper_only,approach_onset,48,53,0.02426065473285702,0.3392857142857143
1925,gt,gripper_only,contact_onset,82,83,12.601008757057002,1.0
1925,gt,gripper_only,object_motion_onset,88,83,12.601008757057002,1.0
1925,gt,gripper_only,grasp_lift_onset,112,115,8.721676164815356,0.9464285714285714
1925,gt,gripper_only,transport_onset,130,135,3.0689166421630496,0.7202380952380952
1925,gt,gripper_only,placement_contact,180,178,7.4954124321392195,0.9226190476190477
1925,gt,gripper_only,release_onset,184,179,6.42644696409695,0.8809523809523809
1925,gt,gripper_only,retreat_onset,190,185,0.26115801303366504,0.44642857142857145
1925,gt,joint_gripper,approach_onset,48,43,1.1711387323480698,0.3630952380952381
1925,gt,joint_gripper,contact_onset,82,83,4.19370937465961,1.0
1925,gt,joint_gripper,object_motion_onset,88,83,4.19370937465961,1.0
1925,gt,joint_gripper,grasp_lift_onset,112,115,3.107048733364397,0.8809523809523809
1925,gt,joint_gripper,transport_onset,130,133,3.907926642662331,0.9880952380952381
1925,gt,joint_gripper,placement_contact,180,184,3.8405681456192475,0.9523809523809523
1925,gt,joint_gripper,release_onset,184,184,3.8405681456192475,0.9523809523809523
1925,gt,joint_gripper,retreat_onset,190,185,2.87556628932332,0.8392857142857143
1925,wam,joint_position,approach_onset,48,47,4.21419853625465,1.0
1925,wam,joint_position,contact_onset,82,77,0.15643546572769984,0.19047619047619047
1925,wam,joint_position,object_motion_onset,88,93,0.719679873822409,0.6130952380952381
1925,wam,joint_position,grasp_lift_onset,112,117,0.4212924817155781,0.375
1925,wam,joint_position,transport_onset,130,135,0.8375032334600732,0.7261904761904762
1925,wam,joint_position,placement_contact,180,175,1.159392326883102,0.8690476190476191
1925,wam,joint_position,release_onset,184,179,0.9256293114666556,0.7857142857142857
1925,wam,joint_position,retreat_onset,190,185,0.5280758743852698,0.5119047619047619
1925,wam,joint_d1,approach_onset,48,43,1.6435554073201117,0.8095238095238095
1925,wam,joint_d1,contact_onset,82,77,0.4745009336483105,0.21428571428571427
1925,wam,joint_d1,object_motion_onset,88,93,0.8580463770502715,0.5119047619047619
1925,wam,joint_d1,grasp_lift_onset,112,117,0.7633186262292717,0.4107142857142857
1925,wam,joint_d1,transport_onset,130,132,1.6372458518712714,0.8035714285714286
1925,wam,joint_d1,placement_contact,180,176,2.2095917502962266,0.9166666666666666
1925,wam,joint_d1,release_onset,184,179,1.759021084480565,0.8452380952380952
1925,wam,joint_d1,retreat_onset,190,185,0.9330200597074969,0.5654761904761905
1925,wam,joint_scalar,approach_onset,48,43,3.732487278920696,0.9583333333333334
1925,wam,joint_scalar,contact_onset,82,77,2.1874308905947766,0.7619047619047619
1925,wam,joint_scalar,object_motion_onset,88,91,4.461462381169357,1.0
1925,wam,joint_scalar,grasp_lift_onset,112,117,3.16130274221699,0.8988095238095238
1925,wam,joint_scalar,transport_onset,130,135,0.8840792953183063,0.3273809523809524
1925,wam,joint_scalar,placement_contact,180,182,0.927277226879728,0.36904761904761907
1925,wam,joint_scalar,release_onset,184,182,0.927277226879728,0.36904761904761907
1925,wam,joint_scalar,retreat_onset,190,185,0.6732143177023838,0.16666666666666666
1925,wam,joint_dynamics,approach_onset,48,43,2.254156458368766,0.8869047619047619
1925,wam,joint_dynamics,contact_onset,82,77,1.247710859707409,0.5178571428571429
1925,wam,joint_dynamics,object_motion_onset,88,91,2.347668846013783,0.9166666666666666
1925,wam,joint_dynamics,grasp_lift_onset,112,117,1.6541877221685568,0.75
1925,wam,joint_dynamics,transport_onset,130,132,1.2916116566293572,0.5833333333333334
1925,wam,joint_dynamics,placement_contact,180,175,1.7682672426992374,0.8035714285714286
1925,wam,joint_dynamics,release_onset,184,179,1.5982233504196985,0.7321428571428571
1925,wam,joint_dynamics,retreat_onset,190,185,0.9227792089867706,0.30952380952380953
1925,wam,gripper_only,approach_onset,48,47,1.381470268379482,0.6666666666666666
1925,wam,gripper_only,contact_onset,82,86,1.4935445582432691,0.6964285714285714
1925,wam,gripper_only,object_motion_onset,88,90,1.7426109658659974,0.7559523809523809
1925,wam,gripper_only,grasp_lift_onset,112,110,5.169640898379018,1.0
1925,wam,gripper_only,transport_onset,130,129,0.28621528221546555,0.35119047619047616
1925,wam,gripper_only,placement_contact,180,180,4.314203710218673,0.9642857142857143
1925,wam,gripper_only,release_onset,184,180,4.314203710218673,0.9642857142857143
1925,wam,gripper_only,retreat_onset,190,185,0.8297860460767255,0.5178571428571429
1925,wam,joint_gripper,approach_onset,48,43,2.1349939110988334,0.8809523809523809
1925,wam,joint_gripper,contact_onset,82,77,1.1985803934869235,0.4583333333333333
1925,wam,joint_gripper,object_motion_onset,88,91,2.2927795090228127,0.9226190476190477
1925,wam,joint_gripper,grasp_lift_onset,112,111,1.9439847246974917,0.8273809523809523
1925,wam,joint_gripper,transport_onset,130,132,1.2125575207763515,0.49404761904761907
1925,wam,joint_gripper,placement_contact,180,179,1.9802683897753508,0.8452380952380952
1925,wam,joint_gripper,release_onset,184,179,1.9802683897753508,0.8452380952380952
1925,wam,joint_gripper,retreat_onset,190,185,0.9190080652232046,0.2857142857142857
16001,gt,joint_position,approach_onset,40,43,0.6023133346550376,0.9107142857142857
16001,gt,joint_position,contact_onset,66,61,0.38597658797277445,0.7023809523809523
16001,gt,joint_position,object_motion_onset,78,73,0.12842376596764216,0.26785714285714285
16001,gt,joint_position,placement_contact,154,152,0.3198445071393736,0.625
16001,gt,joint_position,release_onset,184,184,0.6406196357561567,0.9345238095238095
16001,gt,joint_d1,approach_onset,40,35,1.581523801910833,0.8511904761904762
16001,gt,joint_d1,contact_onset,66,64,1.1453307645984632,0.6904761904761905
16001,gt,joint_d1,object_motion_onset,78,73,0.3296038267807744,0.15476190476190477
16001,gt,joint_d1,placement_contact,154,157,0.619065589068351,0.40476190476190477
16001,gt,joint_d1,release_onset,184,182,2.064847135828593,0.9226190476190477
16001,gt,joint_scalar,approach_onset,40,35,2.7914485221664243,0.9642857142857143
16001,gt,joint_scalar,contact_onset,66,66,1.61667799721657,0.6785714285714286
16001,gt,joint_scalar,object_motion_onset,78,80,1.1565852020026042,0.5595238095238095
16001,gt,joint_scalar,placement_contact,154,149,0.41864418517769475,0.18452380952380953
16001,gt,joint_scalar,release_onset,184,180,2.452230623706679,0.8928571428571429
16001,gt,joint_dynamics,approach_onset,40,36,2.42037195064085,0.9404761904761905
16001,gt,joint_dynamics,contact_onset,66,61,1.4399684949055183,0.5952380952380952
16001,gt,joint_dynamics,object_motion_onset,78,74,0.7019578115353764,0.27976190476190477
16001,gt,joint_dynamics,placement_contact,154,157,0.6764311491463423,0.2619047619047619
16001,gt,joint_dynamics,release_onset,184,184,2.7475682943195747,0.9880952380952381
16001,gt,gripper_only,approach_onset,40,35,0.0,0.32142857142857145
16001,gt,gripper_only,contact_onset,66,71,1.551418042981371,0.6666666666666666
16001,gt,gripper_only,object_motion_onset,78,76,7.545625489995587,0.9761904761904762
16001,gt,gripper_only,placement_contact,154,149,1.9104780088673174e-12,0.38095238095238093
16001,gt,gripper_only,release_onset,184,180,8.808079695910457,1.0
16001,gt,joint_gripper,approach_onset,40,36,2.2621124044513325,0.8511904761904762
16001,gt,joint_gripper,contact_onset,66,61,1.346709996332871,0.47619047619047616
16001,gt,joint_gripper,object_motion_onset,78,76,2.4481016448053534,0.8809523809523809
16001,gt,joint_gripper,placement_contact,154,157,0.6326569931712983,0.17857142857142858
16001,gt,joint_gripper,release_onset,184,180,3.6344902673749093,1.0
16001,wam,joint_position,approach_onset,40,35,0.7419600066030712,0.8988095238095238
16001,wam,joint_position,contact_onset,66,71,0.9964066281306128,1.0
16001,wam,joint_position,object_motion_onset,78,73,0.7966856477545764,0.9404761904761905
16001,wam,joint_position,placement_contact,154,149,0.417287672315251,0.5357142857142857
16001,wam,joint_position,release_onset,184,179,0.20268783930997455,0.3273809523809524
16001,wam,joint_d1,approach_onset,40,45,1.5990613493168533,0.875
16001,wam,joint_d1,contact_onset,66,71,1.2274327261478164,0.7380952380952381
16001,wam,joint_d1,object_motion_onset,78,73,1.103477756673085,0.6488095238095238
16001,wam,joint_d1,placement_contact,154,153,1.1545980298563219,0.6964285714285714
16001,wam,joint_d1,release_onset,184,183,1.2800859811034933,0.7738095238095238
16001,wam,joint_scalar,approach_onset,40,45,1.2464264247219243,0.5178571428571429
16001,wam,joint_scalar,contact_onset,66,64,4.077632591223348,0.9464285714285714
16001,wam,joint_scalar,object_motion_onset,78,74,4.087103074451684,0.9523809523809523
16001,wam,joint_scalar,placement_contact,154,154,3.078728227870842,0.8154761904761905
16001,wam,joint_scalar,release_onset,184,182,3.468294182227609,0.875
16001,wam,joint_dynamics,approach_onset,40,45,1.4130368080963933,0.5892857142857143
16001,wam,joint_dynamics,contact_onset,66,61,2.3945322474502966,0.9107142857142857
16001,wam,joint_dynamics,object_motion_onset,78,74,2.1512625856702345,0.875
16001,wam,joint_dynamics,placement_contact,154,154,1.7063924361231315,0.7261904761904762
16001,wam,joint_dynamics,release_onset,184,182,2.0824174919796063,0.8452380952380952
16001,wam,gripper_only,approach_onset,40,45,0.30144725918266935,0.2976190476190476
16001,wam,gripper_only,contact_onset,66,71,7.24572527440921,0.9821428571428571
16001,wam,gripper_only,object_motion_onset,78,73,5.570347777073183,0.9226190476190477
16001,wam,gripper_only,placement_contact,154,159,2.620683622952816,0.7380952380952381
16001,wam,gripper_only,release_onset,184,184,6.376389666803177,0.9583333333333334
16001,wam,joint_gripper,approach_onset,40,45,1.3303929250274824,0.49404761904761907
16001,wam,joint_gripper,contact_onset,66,71,2.7966045050996002,0.9404761904761905
16001,wam,joint_gripper,object_motion_onset,78,73,2.6512729940239304,0.8988095238095238
16001,wam,joint_gripper,placement_contact,154,154,1.6925862632051314,0.6488095238095238
16001,wam,joint_gripper,release_onset,184,184,2.556869448498877,0.8809523809523809
50458,gt,joint_position,approach_onset,44,49,0.2162150240496931,0.4642857142857143
50458,gt,joint_position,contact_onset,68,63,0.15261381772261162,0.30952380952380953
50458,gt,joint_position,object_motion_onset,110,115,0.5199746147567688,0.7202380952380952
50458,gt,joint_position,transport_onset,124,129,1.703189657171115,1.0
50458,gt,joint_position,placement_contact,176,181,0.5293532797385624,0.7321428571428571
50458,gt,joint_position,release_onset,186,183,0.6566378959001415,0.8035714285714286
50458,gt,joint_position,retreat_onset,190,185,0.4969639679829594,0.6785714285714286
50458,gt,joint_d1,approach_onset,44,41,1.0194711419098088,0.6130952380952381
50458,gt,joint_d1,contact_onset,68,64,0.7064639668152717,0.375
50458,gt,joint_d1,object_motion_onset,110,115,1.3429374267744199,0.7321428571428571
50458,gt,joint_d1,transport_onset,124,126,4.880473168723697,0.9940476190476191
50458,gt,joint_d1,placement_contact,176,181,1.17578145683191,0.6666666666666666
50458,gt,joint_d1,release_onset,186,183,1.307758963658057,0.7142857142857143
50458,gt,joint_d1,retreat_onset,190,185,1.0130777634336863,0.6071428571428571
50458,gt,joint_scalar,approach_onset,44,39,3.7910878183092205,0.9226190476190477
50458,gt,joint_scalar,contact_onset,68,69,0.48301869206755665,0.3392857142857143
50458,gt,joint_scalar,object_motion_onset,110,105,1.2747032907377034,0.5952380952380952
50458,gt,joint_scalar,transport_onset,124,129,2.4965777493559425,0.7559523809523809
50458,gt,joint_scalar,placement_contact,176,171,3.932870707192602,0.9285714285714286
50458,gt,joint_scalar,release_onset,186,181,1.13736094829508,0.5892857142857143
50458,gt,joint_scalar,retreat_onset,190,185,0.5517746972877263,0.38095238095238093
50458,gt,joint_dynamics,approach_onset,44,39,2.2338559145068917,0.7976190476190477
50458,gt,joint_dynamics,contact_onset,68,63,0.6247291174001772,0.30952380952380953
50458,gt,joint_dynamics,object_motion_onset,110,115,1.5166651255711097,0.6071428571428571
50458,gt,joint_dynamics,transport_onset,124,129,4.399624053529317,0.9702380952380952
50458,gt,joint_dynamics,placement_contact,176,171,2.160279804826133,0.7738095238095238
50458,gt,joint_dynamics,release_onset,186,184,1.4321111203822399,0.5714285714285714
50458,gt,joint_dynamics,retreat_onset,190,185,1.241148704387152,0.47023809523809523
50458,gt,gripper_only,approach_onset,44,42,7.053198183770778,0.9285714285714286
50458,gt,gripper_only,contact_onset,68,64,10.133298357226032,0.9821428571428571
50458,gt,gripper_only,object_motion_onset,110,105,0.46962652133293276,0.31547619047619047
50458,gt,gripper_only,transport_onset,124,129,1.5413989184438555,0.43452380952380953
50458,gt,gripper_only,placement_contact,176,180,6.802676353448071,0.9226190476190477
50458,gt,gripper_only,release_onset,186,181,6.410699684723321,0.8809523809523809
50458,gt,gripper_only,retreat_onset,190,185,1.0018203665132015,0.36904761904761907
50458,gt,joint_gripper,approach_onset,44,42,2.7900820053054485,0.7738095238095238
50458,gt,joint_gripper,contact_onset,68,64,3.40427238378132,0.8452380952380952
50458,gt,joint_gripper,object_motion_onset,110,115,1.4182318086508294,0.35714285714285715
50458,gt,joint_gripper,transport_onset,124,129,4.221479664971395,0.9583333333333334
50458,gt,joint_gripper,placement_contact,176,180,2.576853271020971,0.7440476190476191
50458,gt,joint_gripper,release_onset,186,181,2.400578979066204,0.6904761904761905
50458,gt,joint_gripper,retreat_onset,190,185,1.2575019739399438,0.27380952380952384
50458,wam,joint_position,approach_onset,44,47,0.9770616263603988,0.9047619047619048
50458,wam,joint_position,contact_onset,68,71,0.8038221377715358,0.7976190476190477
50458,wam,joint_position,object_motion_onset,110,115,0.4539447314213191,0.5952380952380952
50458,wam,joint_position,transport_onset,124,120,0.967407947798884,0.8988095238095238
50458,wam,joint_position,placement_contact,176,171,0.688068070995705,0.7142857142857143
50458,wam,joint_position,release_onset,186,181,0.13767844593135747,0.20833333333333334
50458,wam,joint_position,retreat_onset,190,185,0.10794726718020349,0.10714285714285714
50458,wam,joint_d1,approach_onset,44,47,1.1175980069760698,0.5476190476190477
50458,wam,joint_d1,contact_onset,68,68,0.7681389189733077,0.36904761904761907
50458,wam,joint_d1,object_motion_onset,110,115,1.2712382794694488,0.6309523809523809
50458,wam,joint_d1,transport_onset,124,119,2.3943697198105514,0.9464285714285714
50458,wam,joint_d1,placement_contact,176,171,2.159633809960759,0.8928571428571429
50458,wam,joint_d1,release_onset,186,183,1.672642143598664,0.7440476190476191
50458,wam,joint_d1,retreat_onset,190,185,1.2288355761525638,0.5952380952380952
50458,wam,joint_scalar,approach_onset,44,49,1.7016068104744821,0.8214285714285714
50458,wam,joint_scalar,contact_onset,68,69,1.6098835270576002,0.7678571428571429
50458,wam,joint_scalar,object_motion_onset,110,105,3.2862217042507478,0.9583333333333334
50458,wam,joint_scalar,transport_onset,124,123,1.7958098856896667,0.8571428571428571
50458,wam,joint_scalar,placement_contact,176,181,2.312172261623929,0.8988095238095238
50458,wam,joint_scalar,release_onset,186,182,2.4829188524615775,0.9226190476190477
50458,wam,joint_scalar,retreat_onset,190,185,0.8926858090309197,0.3273809523809524
50458,wam,joint_dynamics,approach_onset,44,48,1.2008399688206208,0.5416666666666666
50458,wam,joint_dynamics,contact_onset,68,69,0.8016997933981829,0.2916666666666667
50458,wam,joint_dynamics,object_motion_onset,110,105,1.960323344817021,0.8988095238095238
50458,wam,joint_dynamics,transport_onset,124,129,1.933188392274578,0.8869047619047619
50458,wam,joint_dynamics,placement_contact,176,181,2.0759105066248553,0.9404761904761905
50458,wam,joint_dynamics,release_onset,186,181,2.0759105066248553,0.9404761904761905
50458,wam,joint_dynamics,retreat_onset,190,185,0.9948710315961096,0.3869047619047619
50458,wam,gripper_only,approach_onset,44,47,1.801452472859745,0.8690476190476191
50458,wam,gripper_only,contact_onset,68,66,1.051490608348213,0.7440476190476191
50458,wam,gripper_only,object_motion_onset,110,105,0.9631772492110247,0.6964285714285714
50458,wam,gripper_only,transport_onset,124,119,0.8381158717063987,0.6130952380952381
50458,wam,gripper_only,placement_contact,176,179,5.814734645115765,0.9880952380952381
50458,wam,gripper_only,release_onset,186,181,3.9477391649463955,0.9404761904761905
50458,wam,gripper_only,retreat_onset,190,185,1.1305334243009426,0.7619047619047619
50458,wam,joint_gripper,approach_onset,44,47,1.2732986936883588,0.5476190476190477
50458,wam,joint_gripper,contact_onset,68,66,0.8168503964444283,0.27380952380952384
50458,wam,joint_gripper,object_motion_onset,110,105,1.8941538877061854,0.8452380952380952
50458,wam,joint_gripper,transport_onset,124,129,1.8257461227407674,0.8154761904761905
50458,wam,joint_gripper,placement_contact,176,179,2.613521176562461,0.9880952380952381
50458,wam,joint_gripper,release_onset,186,181,2.4052845295746863,0.9523809523809523
50458,wam,joint_gripper,retreat_onset,190,185,1.0131389332167657,0.4166666666666667
